split,ablation,metric,mean,ci95,n
combined_authority_stress,confidence_only_boundary,task_success,0.122024,0.017326,10
combined_authority_stress,confidence_only_boundary,safety_violation,0.310119,0.021261,10
combined_authority_stress,confidence_only_boundary,authority_regret,0.466759,0.000597,10
combined_authority_stress,confidence_only_boundary,human_burden,0.843535,0.000850,10
combined_authority_stress,confidence_only_boundary,late_handoff,0.430027,0.000903,10
combined_authority_stress,confidence_only_boundary,handoff_churn,0.517739,0.001034,10
combined_authority_stress,confidence_only_boundary,recovery_success,0.330742,0.000928,10
combined_authority_stress,confidence_only_boundary,intervention_cost,0.355480,0.000354,10
combined_authority_stress,confidence_only_boundary,boundary_calibration_error,0.352398,0.000762,10
combined_authority_stress,confidence_only_boundary,override_precision,0.324665,0.000827,10
combined_authority_stress,confidence_only_boundary,unsafe_autonomy,0.063702,0.000097,10
combined_authority_stress,confidence_only_boundary,robust_utility,-0.529410,0.022861,10
combined_authority_stress,full_authority_boundary_v5,task_success,0.311905,0.020445,10
combined_authority_stress,full_authority_boundary_v5,safety_violation,0.220238,0.015940,10
combined_authority_stress,full_authority_boundary_v5,authority_regret,0.333086,0.000820,10
combined_authority_stress,full_authority_boundary_v5,human_burden,0.709123,0.001670,10
combined_authority_stress,full_authority_boundary_v5,late_handoff,0.341413,0.000933,10
combined_authority_stress,full_authority_boundary_v5,handoff_churn,0.457461,0.000599,10
combined_authority_stress,full_authority_boundary_v5,recovery_success,0.604682,0.000661,10
combined_authority_stress,full_authority_boundary_v5,intervention_cost,0.380433,0.000705,10
combined_authority_stress,full_authority_boundary_v5,boundary_calibration_error,0.281905,0.000469,10
combined_authority_stress,full_authority_boundary_v5,override_precision,0.504476,0.000607,10
combined_authority_stress,full_authority_boundary_v5,unsafe_autonomy,0.068765,0.000351,10
combined_authority_stress,full_authority_boundary_v5,robust_utility,-0.177294,0.025600,10
combined_authority_stress,minus_boundary_uncertainty,task_success,0.300000,0.016517,10
combined_authority_stress,minus_boundary_uncertainty,safety_violation,0.282143,0.031555,10
combined_authority_stress,minus_boundary_uncertainty,authority_regret,0.367740,0.000613,10
combined_authority_stress,minus_boundary_uncertainty,human_burden,0.681753,0.001449,10
combined_authority_stress,minus_boundary_uncertainty,late_handoff,0.353912,0.000905,10
combined_authority_stress,minus_boundary_uncertainty,handoff_churn,0.477258,0.001131,10
combined_authority_stress,minus_boundary_uncertainty,recovery_success,0.555741,0.000704,10
combined_authority_stress,minus_boundary_uncertainty,intervention_cost,0.358118,0.000557,10
combined_authority_stress,minus_boundary_uncertainty,boundary_calibration_error,0.332236,0.000644,10
combined_authority_stress,minus_boundary_uncertainty,override_precision,0.454125,0.001220,10
combined_authority_stress,minus_boundary_uncertainty,unsafe_autonomy,0.086166,0.000330,10
combined_authority_stress,minus_boundary_uncertainty,robust_utility,-0.235734,0.025873,10
combined_authority_stress,minus_consequence_risk_model,task_success,0.254167,0.019680,10
combined_authority_stress,minus_consequence_risk_model,safety_violation,0.316667,0.018141,10
combined_authority_stress,minus_consequence_risk_model,authority_regret,0.393056,0.000725,10
combined_authority_stress,minus_consequence_risk_model,human_burden,0.683259,0.000769,10
combined_authority_stress,minus_consequence_risk_model,late_handoff,0.355089,0.001026,10
combined_authority_stress,minus_consequence_risk_model,handoff_churn,0.447586,0.000974,10
combined_authority_stress,minus_consequence_risk_model,recovery_success,0.533696,0.000411,10
combined_authority_stress,minus_consequence_risk_model,intervention_cost,0.355880,0.000569,10
combined_authority_stress,minus_consequence_risk_model,boundary_calibration_error,0.311685,0.000496,10
combined_authority_stress,minus_consequence_risk_model,override_precision,0.444170,0.001214,10
combined_authority_stress,minus_consequence_risk_model,unsafe_autonomy,0.096499,0.000344,10
combined_authority_stress,minus_consequence_risk_model,robust_utility,-0.307830,0.023689,10
combined_authority_stress,minus_handoff_hysteresis,task_success,0.334524,0.030013,10
combined_authority_stress,minus_handoff_hysteresis,safety_violation,0.238691,0.018443,10
combined_authority_stress,minus_handoff_hysteresis,authority_regret,0.340503,0.000527,10
combined_authority_stress,minus_handoff_hysteresis,human_burden,0.729337,0.001205,10
combined_authority_stress,minus_handoff_hysteresis,late_handoff,0.352071,0.001266,10
combined_authority_stress,minus_handoff_hysteresis,handoff_churn,0.597410,0.001246,10
combined_authority_stress,minus_handoff_hysteresis,recovery_success,0.581156,0.000769,10
combined_authority_stress,minus_handoff_hysteresis,intervention_cost,0.415015,0.000538,10
combined_authority_stress,minus_handoff_hysteresis,boundary_calibration_error,0.281940,0.000618,10
combined_authority_stress,minus_handoff_hysteresis,override_precision,0.484203,0.000837,10
combined_authority_stress,minus_handoff_hysteresis,unsafe_autonomy,0.064317,0.000289,10
combined_authority_stress,minus_handoff_hysteresis,robust_utility,-0.196660,0.032954,10
combined_authority_stress,minus_human_burden_model,task_success,0.338095,0.020267,10
combined_authority_stress,minus_human_burden_model,safety_violation,0.261309,0.022706,10
combined_authority_stress,minus_human_burden_model,authority_regret,0.320705,0.000499,10
combined_authority_stress,minus_human_burden_model,human_burden,0.898162,0.001137,10
combined_authority_stress,minus_human_burden_model,late_handoff,0.340259,0.001146,10
combined_authority_stress,minus_human_burden_model,handoff_churn,0.466926,0.000860,10
combined_authority_stress,minus_human_burden_model,recovery_success,0.612576,0.000685,10
combined_authority_stress,minus_human_burden_model,intervention_cost,0.439654,0.000632,10
combined_authority_stress,minus_human_burden_model,boundary_calibration_error,0.292123,0.000512,10
combined_authority_stress,minus_human_burden_model,override_precision,0.494541,0.000950,10
combined_authority_stress,minus_human_burden_model,unsafe_autonomy,0.049703,0.000134,10
combined_authority_stress,minus_human_burden_model,robust_utility,-0.225084,0.028299,10
combined_authority_stress,minus_intent_ambiguity_gate,task_success,0.370238,0.028301,10
combined_authority_stress,minus_intent_ambiguity_gate,safety_violation,0.256548,0.016632,10
combined_authority_stress,minus_intent_ambiguity_gate,authority_regret,0.297892,0.000703,10
combined_authority_stress,minus_intent_ambiguity_gate,human_burden,0.518011,0.000483,10
combined_authority_stress,minus_intent_ambiguity_gate,late_handoff,0.329110,0.000790,10
combined_authority_stress,minus_intent_ambiguity_gate,handoff_churn,0.407138,0.001036,10
combined_authority_stress,minus_intent_ambiguity_gate,recovery_success,0.629376,0.000621,10
combined_authority_stress,minus_intent_ambiguity_gate,intervention_cost,0.317859,0.000418,10
combined_authority_stress,minus_intent_ambiguity_gate,boundary_calibration_error,0.292198,0.000468,10
combined_authority_stress,minus_intent_ambiguity_gate,override_precision,0.514298,0.000840,10
combined_authority_stress,minus_intent_ambiguity_gate,unsafe_autonomy,0.119797,0.000180,10
combined_authority_stress,minus_intent_ambiguity_gate,robust_utility,-0.070567,0.029658,10
combined_authority_stress,minus_recovery_feasibility,task_success,0.297619,0.018157,10
combined_authority_stress,minus_recovery_feasibility,safety_violation,0.245238,0.022054,10
combined_authority_stress,minus_recovery_feasibility,authority_regret,0.354563,0.000781,10
combined_authority_stress,minus_recovery_feasibility,human_burden,0.689563,0.001049,10
combined_authority_stress,minus_recovery_feasibility,late_handoff,0.353874,0.000865,10
combined_authority_stress,minus_recovery_feasibility,handoff_churn,0.447656,0.000908,10
combined_authority_stress,minus_recovery_feasibility,recovery_success,0.442572,0.000637,10
combined_authority_stress,minus_recovery_feasibility,intervention_cost,0.346565,0.000351,10
combined_authority_stress,minus_recovery_feasibility,boundary_calibration_error,0.292141,0.000527,10
combined_authority_stress,minus_recovery_feasibility,override_precision,0.473583,0.000753,10
combined_authority_stress,minus_recovery_feasibility,unsafe_autonomy,0.073680,0.000219,10
combined_authority_stress,minus_recovery_feasibility,robust_utility,-0.218154,0.022363,10
combined_authority_stress,mpc_only_boundary,task_success,0.418452,0.018735,10
combined_authority_stress,mpc_only_boundary,safety_violation,0.205357,0.018752,10
combined_authority_stress,mpc_only_boundary,authority_regret,0.275832,0.000534,10
combined_authority_stress,mpc_only_boundary,human_burden,0.383313,0.000559,10
combined_authority_stress,mpc_only_boundary,late_handoff,0.313077,0.000951,10
combined_authority_stress,mpc_only_boundary,handoff_churn,0.387612,0.000973,10
combined_authority_stress,mpc_only_boundary,recovery_success,0.720275,0.000681,10
combined_authority_stress,mpc_only_boundary,intervention_cost,0.305409,0.000616,10
combined_authority_stress,mpc_only_boundary,boundary_calibration_error,0.262175,0.000604,10
combined_authority_stress,mpc_only_boundary,override_precision,0.554807,0.000662,10
combined_authority_stress,mpc_only_boundary,unsafe_autonomy,0.125343,0.000317,10
combined_authority_stress,mpc_only_boundary,robust_utility,0.060653,0.026168,10
combined_authority_stress,safety_only_boundary,task_success,0.403571,0.024398,10
combined_authority_stress,safety_only_boundary,safety_violation,0.168452,0.016866,10
combined_authority_stress,safety_only_boundary,authority_regret,0.286010,0.000745,10
combined_authority_stress,safety_only_boundary,human_burden,0.327814,0.000972,10
combined_authority_stress,safety_only_boundary,late_handoff,0.328578,0.000900,10
combined_authority_stress,safety_only_boundary,handoff_churn,0.377657,0.000671,10
combined_authority_stress,safety_only_boundary,recovery_success,0.650165,0.000524,10
combined_authority_stress,safety_only_boundary,intervention_cost,0.236389,0.000615,10
combined_authority_stress,safety_only_boundary,boundary_calibration_error,0.281978,0.000828,10
combined_authority_stress,safety_only_boundary,override_precision,0.523535,0.001011,10
combined_authority_stress,safety_only_boundary,unsafe_autonomy,0.121953,0.000408,10
combined_authority_stress,safety_only_boundary,robust_utility,0.079436,0.022525,10
low_signal_high_risk_shift,confidence_only_boundary,task_success,0.151191,0.014363,10
low_signal_high_risk_shift,confidence_only_boundary,safety_violation,0.333929,0.018606,10
low_signal_high_risk_shift,confidence_only_boundary,authority_regret,0.454489,0.000616,10
low_signal_high_risk_shift,confidence_only_boundary,human_burden,0.826696,0.000789,10
low_signal_high_risk_shift,confidence_only_boundary,late_handoff,0.404110,0.000550,10
low_signal_high_risk_shift,confidence_only_boundary,handoff_churn,0.475153,0.000659,10
low_signal_high_risk_shift,confidence_only_boundary,recovery_success,0.341636,0.000696,10
low_signal_high_risk_shift,confidence_only_boundary,intervention_cost,0.340929,0.000620,10
low_signal_high_risk_shift,confidence_only_boundary,boundary_calibration_error,0.362769,0.000730,10
low_signal_high_risk_shift,confidence_only_boundary,override_precision,0.312621,0.000406,10
low_signal_high_risk_shift,confidence_only_boundary,unsafe_autonomy,0.064211,0.000121,10
low_signal_high_risk_shift,confidence_only_boundary,robust_utility,-0.496312,0.020479,10
low_signal_high_risk_shift,full_authority_boundary_v5,task_success,0.345238,0.030818,10
low_signal_high_risk_shift,full_authority_boundary_v5,safety_violation,0.249405,0.013962,10
low_signal_high_risk_shift,full_authority_boundary_v5,authority_regret,0.321584,0.000543,10
low_signal_high_risk_shift,full_authority_boundary_v5,human_burden,0.693181,0.000955,10
low_signal_high_risk_shift,full_authority_boundary_v5,late_handoff,0.314960,0.000757,10
low_signal_high_risk_shift,full_authority_boundary_v5,handoff_churn,0.414581,0.000611,10
low_signal_high_risk_shift,full_authority_boundary_v5,recovery_success,0.615261,0.000962,10
low_signal_high_risk_shift,full_authority_boundary_v5,intervention_cost,0.366729,0.000473,10
low_signal_high_risk_shift,full_authority_boundary_v5,boundary_calibration_error,0.292531,0.000551,10
low_signal_high_risk_shift,full_authority_boundary_v5,override_precision,0.492624,0.000597,10
low_signal_high_risk_shift,full_authority_boundary_v5,unsafe_autonomy,0.071967,0.000267,10
low_signal_high_risk_shift,full_authority_boundary_v5,robust_utility,-0.143748,0.033622,10
low_signal_high_risk_shift,minus_boundary_uncertainty,task_success,0.337500,0.017221,10
low_signal_high_risk_shift,minus_boundary_uncertainty,safety_violation,0.270238,0.020297,10
low_signal_high_risk_shift,minus_boundary_uncertainty,authority_regret,0.356048,0.000586,10
low_signal_high_risk_shift,minus_boundary_uncertainty,human_burden,0.665090,0.000947,10
low_signal_high_risk_shift,minus_boundary_uncertainty,late_handoff,0.328116,0.000948,10
low_signal_high_risk_shift,minus_boundary_uncertainty,handoff_churn,0.434794,0.001179,10
low_signal_high_risk_shift,minus_boundary_uncertainty,recovery_success,0.567401,0.000443,10
low_signal_high_risk_shift,minus_boundary_uncertainty,intervention_cost,0.343864,0.000484,10
low_signal_high_risk_shift,minus_boundary_uncertainty,boundary_calibration_error,0.342590,0.000545,10
low_signal_high_risk_shift,minus_boundary_uncertainty,override_precision,0.442816,0.001213,10
low_signal_high_risk_shift,minus_boundary_uncertainty,unsafe_autonomy,0.089823,0.000293,10
low_signal_high_risk_shift,minus_boundary_uncertainty,robust_utility,-0.172349,0.015015,10
low_signal_high_risk_shift,minus_consequence_risk_model,task_success,0.294048,0.012074,10
low_signal_high_risk_shift,minus_consequence_risk_model,safety_violation,0.306548,0.021740,10
low_signal_high_risk_shift,minus_consequence_risk_model,authority_regret,0.380635,0.000673,10
low_signal_high_risk_shift,minus_consequence_risk_model,human_burden,0.666103,0.000961,10
low_signal_high_risk_shift,minus_consequence_risk_model,late_handoff,0.329739,0.001135,10
low_signal_high_risk_shift,minus_consequence_risk_model,handoff_churn,0.404728,0.000513,10
low_signal_high_risk_shift,minus_consequence_risk_model,recovery_success,0.545103,0.000645,10
low_signal_high_risk_shift,minus_consequence_risk_model,intervention_cost,0.341373,0.000372,10
low_signal_high_risk_shift,minus_consequence_risk_model,boundary_calibration_error,0.322809,0.000477,10
low_signal_high_risk_shift,minus_consequence_risk_model,override_precision,0.433169,0.000852,10
low_signal_high_risk_shift,minus_consequence_risk_model,unsafe_autonomy,0.100588,0.000320,10
low_signal_high_risk_shift,minus_consequence_risk_model,robust_utility,-0.242890,0.015347,10
low_signal_high_risk_shift,minus_handoff_hysteresis,task_success,0.363690,0.028121,10
low_signal_high_risk_shift,minus_handoff_hysteresis,safety_violation,0.233929,0.023849,10
low_signal_high_risk_shift,minus_handoff_hysteresis,authority_regret,0.328688,0.000577,10
low_signal_high_risk_shift,minus_handoff_hysteresis,human_burden,0.713009,0.001030,10
low_signal_high_risk_shift,minus_handoff_hysteresis,late_handoff,0.325277,0.000482,10
low_signal_high_risk_shift,minus_handoff_hysteresis,handoff_churn,0.554263,0.000983,10
low_signal_high_risk_shift,minus_handoff_hysteresis,recovery_success,0.592484,0.000470,10
low_signal_high_risk_shift,minus_handoff_hysteresis,intervention_cost,0.400923,0.000639,10
low_signal_high_risk_shift,minus_handoff_hysteresis,boundary_calibration_error,0.292989,0.000731,10
low_signal_high_risk_shift,minus_handoff_hysteresis,override_precision,0.471998,0.000558,10
low_signal_high_risk_shift,minus_handoff_hysteresis,unsafe_autonomy,0.067360,0.000289,10
low_signal_high_risk_shift,minus_handoff_hysteresis,robust_utility,-0.145889,0.023855,10
low_signal_high_risk_shift,minus_human_burden_model,task_success,0.334524,0.022259,10
low_signal_high_risk_shift,minus_human_burden_model,safety_violation,0.253571,0.016147,10
low_signal_high_risk_shift,minus_human_burden_model,authority_regret,0.309364,0.000799,10
low_signal_high_risk_shift,minus_human_burden_model,human_burden,0.882380,0.000797,10
low_signal_high_risk_shift,minus_human_burden_model,late_handoff,0.313769,0.001223,10
low_signal_high_risk_shift,minus_human_burden_model,handoff_churn,0.425345,0.000347,10
low_signal_high_risk_shift,minus_human_burden_model,recovery_success,0.623267,0.000449,10
low_signal_high_risk_shift,minus_human_burden_model,intervention_cost,0.426008,0.000464,10
low_signal_high_risk_shift,minus_human_burden_model,boundary_calibration_error,0.302998,0.000665,10
low_signal_high_risk_shift,minus_human_burden_model,override_precision,0.482765,0.000739,10
low_signal_high_risk_shift,minus_human_burden_model,unsafe_autonomy,0.049213,0.000127,10
low_signal_high_risk_shift,minus_human_burden_model,robust_utility,-0.205786,0.022209,10
low_signal_high_risk_shift,minus_intent_ambiguity_gate,task_success,0.401190,0.027837,10
low_signal_high_risk_shift,minus_intent_ambiguity_gate,safety_violation,0.236905,0.023255,10
low_signal_high_risk_shift,minus_intent_ambiguity_gate,authority_regret,0.286575,0.000533,10
low_signal_high_risk_shift,minus_intent_ambiguity_gate,human_burden,0.501584,0.001073,10
low_signal_high_risk_shift,minus_intent_ambiguity_gate,late_handoff,0.302637,0.000705,10
low_signal_high_risk_shift,minus_intent_ambiguity_gate,handoff_churn,0.364542,0.000787,10
low_signal_high_risk_shift,minus_intent_ambiguity_gate,recovery_success,0.641065,0.000800,10
low_signal_high_risk_shift,minus_intent_ambiguity_gate,intervention_cost,0.303822,0.000576,10
low_signal_high_risk_shift,minus_intent_ambiguity_gate,boundary_calibration_error,0.303007,0.000573,10
low_signal_high_risk_shift,minus_intent_ambiguity_gate,override_precision,0.502030,0.000375,10
low_signal_high_risk_shift,minus_intent_ambiguity_gate,unsafe_autonomy,0.122729,0.000342,10
low_signal_high_risk_shift,minus_intent_ambiguity_gate,robust_utility,-0.008978,0.033318,10
low_signal_high_risk_shift,minus_recovery_feasibility,task_success,0.298810,0.028140,10
low_signal_high_risk_shift,minus_recovery_feasibility,safety_violation,0.239881,0.020434,10
low_signal_high_risk_shift,minus_recovery_feasibility,authority_regret,0.342999,0.000592,10
low_signal_high_risk_shift,minus_recovery_feasibility,human_burden,0.672306,0.000958,10
low_signal_high_risk_shift,minus_recovery_feasibility,late_handoff,0.327324,0.000933,10
low_signal_high_risk_shift,minus_recovery_feasibility,handoff_churn,0.404701,0.000674,10
low_signal_high_risk_shift,minus_recovery_feasibility,recovery_success,0.453800,0.000547,10
low_signal_high_risk_shift,minus_recovery_feasibility,intervention_cost,0.332627,0.000626,10
low_signal_high_risk_shift,minus_recovery_feasibility,boundary_calibration_error,0.302746,0.000516,10
low_signal_high_risk_shift,minus_recovery_feasibility,override_precision,0.462789,0.000742,10
low_signal_high_risk_shift,minus_recovery_feasibility,unsafe_autonomy,0.076892,0.000265,10
low_signal_high_risk_shift,minus_recovery_feasibility,robust_utility,-0.194914,0.023157,10
low_signal_high_risk_shift,mpc_only_boundary,task_success,0.441667,0.034731,10
low_signal_high_risk_shift,mpc_only_boundary,safety_violation,0.208333,0.016407,10
low_signal_high_risk_shift,mpc_only_boundary,authority_regret,0.264186,0.000644,10
low_signal_high_risk_shift,mpc_only_boundary,human_burden,0.366632,0.001109,10
low_signal_high_risk_shift,mpc_only_boundary,late_handoff,0.287113,0.000976,10
low_signal_high_risk_shift,mpc_only_boundary,handoff_churn,0.344619,0.000714,10
low_signal_high_risk_shift,mpc_only_boundary,recovery_success,0.731365,0.000744,10
low_signal_high_risk_shift,mpc_only_boundary,intervention_cost,0.291605,0.000464,10
low_signal_high_risk_shift,mpc_only_boundary,boundary_calibration_error,0.273043,0.000486,10
low_signal_high_risk_shift,mpc_only_boundary,override_precision,0.542689,0.000844,10
low_signal_high_risk_shift,mpc_only_boundary,unsafe_autonomy,0.127523,0.000330,10
low_signal_high_risk_shift,mpc_only_boundary,robust_utility,0.100518,0.036841,10
low_signal_high_risk_shift,safety_only_boundary,task_success,0.446429,0.025913,10
low_signal_high_risk_shift,safety_only_boundary,safety_violation,0.168452,0.018573,10
low_signal_high_risk_shift,safety_only_boundary,authority_regret,0.274452,0.000371,10
low_signal_high_risk_shift,safety_only_boundary,human_burden,0.310890,0.001145,10
low_signal_high_risk_shift,safety_only_boundary,late_handoff,0.302082,0.000667,10
low_signal_high_risk_shift,safety_only_boundary,handoff_churn,0.334677,0.000651,10
low_signal_high_risk_shift,safety_only_boundary,recovery_success,0.660944,0.000576,10
low_signal_high_risk_shift,safety_only_boundary,intervention_cost,0.222862,0.000451,10
low_signal_high_risk_shift,safety_only_boundary,boundary_calibration_error,0.293121,0.000435,10
low_signal_high_risk_shift,safety_only_boundary,override_precision,0.511663,0.000742,10
low_signal_high_risk_shift,safety_only_boundary,unsafe_autonomy,0.123456,0.000468,10
low_signal_high_risk_shift,safety_only_boundary,robust_utility,0.140856,0.025303,10
