split,reference,metric,mean_diff,ci95,lower95,upper95,n
authority_churn_shift,authority_boundary_v4,authority_regret,-0.035543,0.000746,-0.036290,-0.034797,10
authority_churn_shift,authority_boundary_v4,boundary_calibration_error,-0.009800,0.000674,-0.010475,-0.009126,10
authority_churn_shift,authority_boundary_v4,handoff_churn,-0.019188,0.000808,-0.019996,-0.018380,10
authority_churn_shift,authority_boundary_v4,human_burden,-0.153698,0.000619,-0.154317,-0.153079,10
authority_churn_shift,authority_boundary_v4,intervention_cost,-0.014583,0.000475,-0.015058,-0.014108,10
authority_churn_shift,authority_boundary_v4,late_handoff,-0.014721,0.000790,-0.015511,-0.013930,10
authority_churn_shift,authority_boundary_v4,override_precision,0.030351,0.001368,0.028983,0.031720,10
authority_churn_shift,authority_boundary_v4,recovery_success,0.067499,0.001086,0.066413,0.068585,10
authority_churn_shift,authority_boundary_v4,robust_utility,0.125893,0.032385,0.093509,0.158278,10
authority_churn_shift,authority_boundary_v4,safety_violation,-0.003125,0.011905,-0.015030,0.008780,10
authority_churn_shift,authority_boundary_v4,task_success,0.066667,0.030237,0.036430,0.096904,10
authority_churn_shift,authority_boundary_v4,unsafe_autonomy,0.020849,0.000181,0.020667,0.021030,10
authority_churn_shift,bayesian_authority_allocation,authority_regret,-0.019951,0.000700,-0.020651,-0.019252,10
authority_churn_shift,bayesian_authority_allocation,boundary_calibration_error,0.000414,0.000434,-0.000020,0.000848,10
authority_churn_shift,bayesian_authority_allocation,handoff_churn,0.009871,0.001176,0.008695,0.011047,10
authority_churn_shift,bayesian_authority_allocation,human_burden,-0.023199,0.001150,-0.024349,-0.022049,10
authority_churn_shift,bayesian_authority_allocation,intervention_cost,0.006863,0.000688,0.006175,0.007552,10
authority_churn_shift,bayesian_authority_allocation,late_handoff,-0.035254,0.000647,-0.035902,-0.034607,10
authority_churn_shift,bayesian_authority_allocation,override_precision,0.040220,0.000784,0.039436,0.041005,10
authority_churn_shift,bayesian_authority_allocation,recovery_success,0.079381,0.000812,0.078569,0.080193,10
authority_churn_shift,bayesian_authority_allocation,robust_utility,0.074655,0.047184,0.027472,0.121839,10
authority_churn_shift,bayesian_authority_allocation,safety_violation,-0.037500,0.024576,-0.062076,-0.012924,10
authority_churn_shift,bayesian_authority_allocation,task_success,0.030729,0.039344,-0.008615,0.070074,10
authority_churn_shift,bayesian_authority_allocation,unsafe_autonomy,-0.001138,0.000189,-0.001327,-0.000948,10
authority_churn_shift,cbf_safety_filter,authority_regret,0.047909,0.001037,0.046872,0.048946,10
authority_churn_shift,cbf_safety_filter,boundary_calibration_error,0.010063,0.000712,0.009351,0.010776,10
authority_churn_shift,cbf_safety_filter,handoff_churn,0.080731,0.000718,0.080013,0.081449,10
authority_churn_shift,cbf_safety_filter,human_burden,0.381162,0.001023,0.380140,0.382185,10
authority_churn_shift,cbf_safety_filter,intervention_cost,0.153134,0.000623,0.152511,0.153757,10
authority_churn_shift,cbf_safety_filter,late_handoff,0.011955,0.000457,0.011498,0.012412,10
authority_churn_shift,cbf_safety_filter,override_precision,-0.030576,0.000925,-0.031501,-0.029650,10
authority_churn_shift,cbf_safety_filter,recovery_success,-0.036215,0.000788,-0.037003,-0.035428,10
authority_churn_shift,cbf_safety_filter,robust_utility,-0.254788,0.041632,-0.296420,-0.213156,10
authority_churn_shift,cbf_safety_filter,safety_violation,0.070833,0.019381,0.051452,0.090214,10
authority_churn_shift,cbf_safety_filter,task_success,-0.077604,0.038930,-0.116534,-0.038674,10
authority_churn_shift,cbf_safety_filter,unsafe_autonomy,-0.038128,0.000401,-0.038529,-0.037727,10
authority_churn_shift,mpc_risk_arbitration,authority_regret,0.069143,0.000934,0.068210,0.070077,10
authority_churn_shift,mpc_risk_arbitration,boundary_calibration_error,0.029986,0.000627,0.029359,0.030612,10
authority_churn_shift,mpc_risk_arbitration,handoff_churn,0.069999,0.000781,0.069217,0.070780,10
authority_churn_shift,mpc_risk_arbitration,human_burden,0.336218,0.001586,0.334631,0.337804,10
authority_churn_shift,mpc_risk_arbitration,intervention_cost,0.085591,0.000553,0.085038,0.086144,10
authority_churn_shift,mpc_risk_arbitration,late_handoff,0.027177,0.000812,0.026365,0.027989,10
authority_churn_shift,mpc_risk_arbitration,override_precision,-0.060418,0.000671,-0.061089,-0.059747,10
authority_churn_shift,mpc_risk_arbitration,recovery_success,-0.105266,0.000852,-0.106118,-0.104414,10
authority_churn_shift,mpc_risk_arbitration,robust_utility,-0.240707,0.029121,-0.269828,-0.211586,10
authority_churn_shift,mpc_risk_arbitration,safety_violation,0.030208,0.021884,0.008325,0.052092,10
authority_churn_shift,mpc_risk_arbitration,task_success,-0.094271,0.032937,-0.127207,-0.061334,10
authority_churn_shift,mpc_risk_arbitration,unsafe_autonomy,-0.051045,0.000430,-0.051476,-0.050615,10
authority_churn_shift,pomdp_handoff_policy,authority_regret,0.031869,0.000603,0.031266,0.032472,10
authority_churn_shift,pomdp_handoff_policy,boundary_calibration_error,0.020155,0.000570,0.019585,0.020725,10
authority_churn_shift,pomdp_handoff_policy,handoff_churn,0.030537,0.000998,0.029539,0.031534,10
authority_churn_shift,pomdp_handoff_policy,human_burden,0.152873,0.000949,0.151924,0.153821,10
authority_churn_shift,pomdp_handoff_policy,intervention_cost,0.024987,0.000468,0.024519,0.025455,10
authority_churn_shift,pomdp_handoff_policy,late_handoff,0.002714,0.000935,0.001779,0.003649,10
authority_churn_shift,pomdp_handoff_policy,override_precision,-0.020634,0.001012,-0.021645,-0.019622,10
authority_churn_shift,pomdp_handoff_policy,recovery_success,-0.033638,0.000999,-0.034637,-0.032639,10
authority_churn_shift,pomdp_handoff_policy,robust_utility,-0.089477,0.028590,-0.118067,-0.060886,10
authority_churn_shift,pomdp_handoff_policy,safety_violation,-0.009896,0.017044,-0.026940,0.007148,10
authority_churn_shift,pomdp_handoff_policy,task_success,-0.041667,0.025690,-0.067357,-0.015976,10
authority_churn_shift,pomdp_handoff_policy,unsafe_autonomy,-0.027487,0.000439,-0.027926,-0.027048,10
authority_churn_shift,recovery_aware_mpc,authority_regret,0.055329,0.000690,0.054639,0.056020,10
authority_churn_shift,recovery_aware_mpc,boundary_calibration_error,0.019924,0.000585,0.019339,0.020509,10
authority_churn_shift,recovery_aware_mpc,handoff_churn,0.060246,0.000838,0.059408,0.061084,10
authority_churn_shift,recovery_aware_mpc,human_burden,0.289343,0.000840,0.288503,0.290182,10
authority_churn_shift,recovery_aware_mpc,intervention_cost,0.037602,0.000498,0.037104,0.038101,10
authority_churn_shift,recovery_aware_mpc,late_handoff,0.031756,0.000818,0.030938,0.032575,10
authority_churn_shift,recovery_aware_mpc,override_precision,-0.050072,0.001025,-0.051097,-0.049047,10
authority_churn_shift,recovery_aware_mpc,recovery_success,-0.153640,0.000889,-0.154529,-0.152751,10
authority_churn_shift,recovery_aware_mpc,robust_utility,-0.225272,0.029651,-0.254923,-0.195621,10
authority_churn_shift,recovery_aware_mpc,safety_violation,0.020313,0.017247,0.003065,0.037560,10
authority_churn_shift,recovery_aware_mpc,task_success,-0.101042,0.026367,-0.127408,-0.074675,10
authority_churn_shift,recovery_aware_mpc,unsafe_autonomy,-0.048860,0.000375,-0.049235,-0.048485,10
authority_churn_shift,uncertainty_triggered_handoff,authority_regret,-0.041518,0.000753,-0.042271,-0.040766,10
authority_churn_shift,uncertainty_triggered_handoff,boundary_calibration_error,-0.029795,0.000586,-0.030381,-0.029208,10
authority_churn_shift,uncertainty_triggered_handoff,handoff_churn,-0.079504,0.000804,-0.080308,-0.078701,10
authority_churn_shift,uncertainty_triggered_handoff,human_burden,-0.096658,0.001100,-0.097758,-0.095558,10
authority_churn_shift,uncertainty_triggered_handoff,intervention_cost,-0.001041,0.000765,-0.001806,-0.000276,10
authority_churn_shift,uncertainty_triggered_handoff,late_handoff,-0.028711,0.001009,-0.029720,-0.027702,10
authority_churn_shift,uncertainty_triggered_handoff,override_precision,0.059864,0.000640,0.059224,0.060504,10
authority_churn_shift,uncertainty_triggered_handoff,recovery_success,0.123993,0.001015,0.122978,0.125008,10
authority_churn_shift,uncertainty_triggered_handoff,robust_utility,0.140152,0.043234,0.096918,0.183386,10
authority_churn_shift,uncertainty_triggered_handoff,safety_violation,-0.001042,0.024763,-0.025805,0.023721,10
authority_churn_shift,uncertainty_triggered_handoff,task_success,0.081771,0.033687,0.048083,0.115458,10
authority_churn_shift,uncertainty_triggered_handoff,unsafe_autonomy,0.017017,0.000263,0.016753,0.017280,10
combined_authority_stress,authority_boundary_v4,authority_regret,-0.035747,0.000671,-0.036419,-0.035076,10
combined_authority_stress,authority_boundary_v4,boundary_calibration_error,-0.010207,0.000825,-0.011032,-0.009383,10
combined_authority_stress,authority_boundary_v4,handoff_churn,-0.020124,0.000895,-0.021019,-0.019228,10
combined_authority_stress,authority_boundary_v4,human_burden,-0.154339,0.000906,-0.155246,-0.153433,10
combined_authority_stress,authority_boundary_v4,intervention_cost,-0.014122,0.000555,-0.014677,-0.013567,10
combined_authority_stress,authority_boundary_v4,late_handoff,-0.015206,0.000751,-0.015957,-0.014456,10
combined_authority_stress,authority_boundary_v4,override_precision,0.029863,0.000856,0.029007,0.030719,10
combined_authority_stress,authority_boundary_v4,recovery_success,0.067499,0.000994,0.066505,0.068494,10
combined_authority_stress,authority_boundary_v4,robust_utility,0.119763,0.042895,0.076868,0.162658,10
combined_authority_stress,authority_boundary_v4,safety_violation,0.003125,0.042452,-0.039327,0.045576,10
combined_authority_stress,authority_boundary_v4,task_success,0.064063,0.023331,0.040732,0.087394,10
combined_authority_stress,authority_boundary_v4,unsafe_autonomy,0.016925,0.000202,0.016723,0.017127,10
combined_authority_stress,bayesian_authority_allocation,authority_regret,-0.020631,0.000635,-0.021267,-0.019996,10
combined_authority_stress,bayesian_authority_allocation,boundary_calibration_error,0.000192,0.000600,-0.000408,0.000791,10
combined_authority_stress,bayesian_authority_allocation,handoff_churn,0.010223,0.001152,0.009071,0.011376,10
combined_authority_stress,bayesian_authority_allocation,human_burden,-0.024848,0.001026,-0.025874,-0.023822,10
combined_authority_stress,bayesian_authority_allocation,intervention_cost,0.007528,0.000551,0.006977,0.008080,10
combined_authority_stress,bayesian_authority_allocation,late_handoff,-0.035731,0.000513,-0.036245,-0.035218,10
combined_authority_stress,bayesian_authority_allocation,override_precision,0.039887,0.000626,0.039260,0.040513,10
combined_authority_stress,bayesian_authority_allocation,recovery_success,0.080305,0.000881,0.079424,0.081187,10
combined_authority_stress,bayesian_authority_allocation,robust_utility,0.088075,0.027474,0.060601,0.115548,10
combined_authority_stress,bayesian_authority_allocation,safety_violation,-0.001042,0.039881,-0.040922,0.038839,10
combined_authority_stress,bayesian_authority_allocation,task_success,0.066146,0.029588,0.036557,0.095734,10
combined_authority_stress,bayesian_authority_allocation,unsafe_autonomy,-0.000120,0.000241,-0.000361,0.000120,10
combined_authority_stress,cbf_safety_filter,authority_regret,0.048857,0.000615,0.048242,0.049472,10
combined_authority_stress,cbf_safety_filter,boundary_calibration_error,0.009430,0.000525,0.008904,0.009955,10
combined_authority_stress,cbf_safety_filter,handoff_churn,0.079513,0.001352,0.078161,0.080866,10
combined_authority_stress,cbf_safety_filter,human_burden,0.380604,0.001111,0.379493,0.381715,10
combined_authority_stress,cbf_safety_filter,intervention_cost,0.153767,0.000525,0.153242,0.154292,10
combined_authority_stress,cbf_safety_filter,late_handoff,0.011230,0.000736,0.010494,0.011966,10
combined_authority_stress,cbf_safety_filter,override_precision,-0.029800,0.000809,-0.030608,-0.028991,10
combined_authority_stress,cbf_safety_filter,recovery_success,-0.036830,0.000779,-0.037609,-0.036051,10
combined_authority_stress,cbf_safety_filter,robust_utility,-0.276117,0.037898,-0.314015,-0.238218,10
combined_authority_stress,cbf_safety_filter,safety_violation,0.092708,0.023368,0.069340,0.116076,10
combined_authority_stress,cbf_safety_filter,task_success,-0.085417,0.035074,-0.120490,-0.050343,10
combined_authority_stress,cbf_safety_filter,unsafe_autonomy,-0.045187,0.000372,-0.045560,-0.044815,10
combined_authority_stress,mpc_risk_arbitration,authority_regret,0.070336,0.000778,0.069558,0.071114,10
combined_authority_stress,mpc_risk_arbitration,boundary_calibration_error,0.030504,0.000844,0.029660,0.031348,10
combined_authority_stress,mpc_risk_arbitration,handoff_churn,0.069269,0.000821,0.068448,0.070091,10
combined_authority_stress,mpc_risk_arbitration,human_burden,0.335674,0.001223,0.334452,0.336897,10
combined_authority_stress,mpc_risk_arbitration,intervention_cost,0.086316,0.000600,0.085716,0.086916,10
combined_authority_stress,mpc_risk_arbitration,late_handoff,0.026638,0.000419,0.026220,0.027057,10
combined_authority_stress,mpc_risk_arbitration,override_precision,-0.059896,0.001033,-0.060929,-0.058863,10
combined_authority_stress,mpc_risk_arbitration,recovery_success,-0.105177,0.001000,-0.106177,-0.104177,10
combined_authority_stress,mpc_risk_arbitration,robust_utility,-0.273391,0.020884,-0.294275,-0.252507,10
combined_authority_stress,mpc_risk_arbitration,safety_violation,0.067708,0.030283,0.037425,0.097991,10
combined_authority_stress,mpc_risk_arbitration,task_success,-0.103645,0.019574,-0.123220,-0.084071,10
combined_authority_stress,mpc_risk_arbitration,unsafe_autonomy,-0.058719,0.000358,-0.059076,-0.058361,10
combined_authority_stress,pomdp_handoff_policy,authority_regret,0.032379,0.000672,0.031706,0.033051,10
combined_authority_stress,pomdp_handoff_policy,boundary_calibration_error,0.020377,0.000802,0.019575,0.021179,10
combined_authority_stress,pomdp_handoff_policy,handoff_churn,0.029779,0.001096,0.028683,0.030874,10
combined_authority_stress,pomdp_handoff_policy,human_burden,0.150536,0.000958,0.149578,0.151493,10
combined_authority_stress,pomdp_handoff_policy,intervention_cost,0.025448,0.000542,0.024907,0.025990,10
combined_authority_stress,pomdp_handoff_policy,late_handoff,0.002335,0.000592,0.001743,0.002926,10
combined_authority_stress,pomdp_handoff_policy,override_precision,-0.020063,0.000723,-0.020786,-0.019340,10
combined_authority_stress,pomdp_handoff_policy,recovery_success,-0.033938,0.001112,-0.035050,-0.032825,10
combined_authority_stress,pomdp_handoff_policy,robust_utility,-0.114253,0.032323,-0.146576,-0.081930,10
combined_authority_stress,pomdp_handoff_policy,safety_violation,0.035937,0.033425,0.002512,0.069363,10
combined_authority_stress,pomdp_handoff_policy,task_success,-0.038541,0.034373,-0.072915,-0.004168,10
combined_authority_stress,pomdp_handoff_policy,unsafe_autonomy,-0.030627,0.000294,-0.030921,-0.030332,10
combined_authority_stress,recovery_aware_mpc,authority_regret,0.056035,0.000752,0.055283,0.056787,10
combined_authority_stress,recovery_aware_mpc,boundary_calibration_error,0.019799,0.000874,0.018925,0.020673,10
combined_authority_stress,recovery_aware_mpc,handoff_churn,0.060012,0.000791,0.059221,0.060803,10
combined_authority_stress,recovery_aware_mpc,human_burden,0.288064,0.001037,0.287027,0.289101,10
combined_authority_stress,recovery_aware_mpc,intervention_cost,0.038392,0.000781,0.037612,0.039173,10
combined_authority_stress,recovery_aware_mpc,late_handoff,0.030904,0.001023,0.029881,0.031927,10
combined_authority_stress,recovery_aware_mpc,override_precision,-0.049645,0.000509,-0.050154,-0.049136,10
combined_authority_stress,recovery_aware_mpc,recovery_success,-0.153516,0.000895,-0.154411,-0.152621,10
combined_authority_stress,recovery_aware_mpc,robust_utility,-0.234953,0.044176,-0.279128,-0.190777,10
combined_authority_stress,recovery_aware_mpc,safety_violation,0.031250,0.025327,0.005923,0.056577,10
combined_authority_stress,recovery_aware_mpc,task_success,-0.104167,0.037057,-0.141224,-0.067109,10
combined_authority_stress,recovery_aware_mpc,unsafe_autonomy,-0.055276,0.000202,-0.055478,-0.055074,10
combined_authority_stress,uncertainty_triggered_handoff,authority_regret,-0.041675,0.000777,-0.042452,-0.040898,10
combined_authority_stress,uncertainty_triggered_handoff,boundary_calibration_error,-0.029928,0.001050,-0.030978,-0.028877,10
combined_authority_stress,uncertainty_triggered_handoff,handoff_churn,-0.080070,0.001176,-0.081247,-0.078894,10
combined_authority_stress,uncertainty_triggered_handoff,human_burden,-0.097301,0.001050,-0.098351,-0.096251,10
combined_authority_stress,uncertainty_triggered_handoff,intervention_cost,-0.000722,0.000472,-0.001194,-0.000250,10
combined_authority_stress,uncertainty_triggered_handoff,late_handoff,-0.028865,0.000658,-0.029523,-0.028206,10
combined_authority_stress,uncertainty_triggered_handoff,override_precision,0.059831,0.000666,0.059165,0.060498,10
combined_authority_stress,uncertainty_triggered_handoff,recovery_success,0.124448,0.000920,0.123528,0.125369,10
combined_authority_stress,uncertainty_triggered_handoff,robust_utility,0.155494,0.033117,0.122378,0.188611,10
combined_authority_stress,uncertainty_triggered_handoff,safety_violation,0.001562,0.027604,-0.026042,0.029167,10
combined_authority_stress,uncertainty_triggered_handoff,task_success,0.098438,0.031092,0.067346,0.129530,10
combined_authority_stress,uncertainty_triggered_handoff,unsafe_autonomy,0.016412,0.000234,0.016178,0.016647,10
contact_mode_shift,authority_boundary_v4,authority_regret,-0.035487,0.000775,-0.036262,-0.034712,10
contact_mode_shift,authority_boundary_v4,boundary_calibration_error,-0.010371,0.000879,-0.011249,-0.009492,10
contact_mode_shift,authority_boundary_v4,handoff_churn,-0.019689,0.000800,-0.020489,-0.018890,10
contact_mode_shift,authority_boundary_v4,human_burden,-0.153569,0.001357,-0.154925,-0.152212,10
contact_mode_shift,authority_boundary_v4,intervention_cost,-0.014526,0.000697,-0.015223,-0.013829,10
contact_mode_shift,authority_boundary_v4,late_handoff,-0.015422,0.000456,-0.015878,-0.014967,10
contact_mode_shift,authority_boundary_v4,override_precision,0.030002,0.001035,0.028967,0.031037,10
contact_mode_shift,authority_boundary_v4,recovery_success,0.068196,0.001139,0.067057,0.069335,10
contact_mode_shift,authority_boundary_v4,robust_utility,0.148144,0.030279,0.117865,0.178422,10
contact_mode_shift,authority_boundary_v4,safety_violation,-0.028646,0.031196,-0.059842,0.002550,10
contact_mode_shift,authority_boundary_v4,task_success,0.072917,0.038075,0.034842,0.110991,10
contact_mode_shift,authority_boundary_v4,unsafe_autonomy,0.025671,0.000412,0.025259,0.026083,10
contact_mode_shift,bayesian_authority_allocation,authority_regret,-0.020273,0.000873,-0.021145,-0.019400,10
contact_mode_shift,bayesian_authority_allocation,boundary_calibration_error,-0.000278,0.000614,-0.000892,0.000336,10
contact_mode_shift,bayesian_authority_allocation,handoff_churn,0.010211,0.001044,0.009167,0.011254,10
contact_mode_shift,bayesian_authority_allocation,human_burden,-0.023543,0.000952,-0.024495,-0.022591,10
contact_mode_shift,bayesian_authority_allocation,intervention_cost,0.006700,0.000588,0.006112,0.007288,10
contact_mode_shift,bayesian_authority_allocation,late_handoff,-0.036469,0.000584,-0.037053,-0.035886,10
contact_mode_shift,bayesian_authority_allocation,override_precision,0.040162,0.000863,0.039299,0.041026,10
contact_mode_shift,bayesian_authority_allocation,recovery_success,0.080114,0.000672,0.079441,0.080786,10
contact_mode_shift,bayesian_authority_allocation,robust_utility,0.069411,0.039388,0.030023,0.108799,10
contact_mode_shift,bayesian_authority_allocation,safety_violation,-0.005729,0.018912,-0.024641,0.013183,10
contact_mode_shift,bayesian_authority_allocation,task_success,0.044792,0.038744,0.006048,0.083535,10
contact_mode_shift,bayesian_authority_allocation,unsafe_autonomy,-0.002863,0.000417,-0.003280,-0.002446,10
contact_mode_shift,cbf_safety_filter,authority_regret,0.047857,0.000744,0.047113,0.048602,10
contact_mode_shift,cbf_safety_filter,boundary_calibration_error,0.009470,0.000829,0.008641,0.010300,10
contact_mode_shift,cbf_safety_filter,handoff_churn,0.081078,0.001057,0.080022,0.082135,10
contact_mode_shift,cbf_safety_filter,human_burden,0.381062,0.001438,0.379625,0.382500,10
contact_mode_shift,cbf_safety_filter,intervention_cost,0.153985,0.000594,0.153391,0.154579,10
contact_mode_shift,cbf_safety_filter,late_handoff,0.010975,0.000434,0.010541,0.011409,10
contact_mode_shift,cbf_safety_filter,override_precision,-0.029752,0.000871,-0.030623,-0.028881,10
contact_mode_shift,cbf_safety_filter,recovery_success,-0.035537,0.001084,-0.036621,-0.034453,10
contact_mode_shift,cbf_safety_filter,robust_utility,-0.244479,0.023412,-0.267891,-0.221068,10
contact_mode_shift,cbf_safety_filter,safety_violation,0.051042,0.037579,0.013463,0.088620,10
contact_mode_shift,cbf_safety_filter,task_success,-0.079688,0.027813,-0.107501,-0.051874,10
contact_mode_shift,cbf_safety_filter,unsafe_autonomy,-0.028864,0.000388,-0.029252,-0.028477,10
contact_mode_shift,mpc_risk_arbitration,authority_regret,0.069583,0.000613,0.068970,0.070196,10
contact_mode_shift,mpc_risk_arbitration,boundary_calibration_error,0.029758,0.000543,0.029215,0.030301,10
contact_mode_shift,mpc_risk_arbitration,handoff_churn,0.070732,0.000862,0.069870,0.071593,10
contact_mode_shift,mpc_risk_arbitration,human_burden,0.335195,0.001783,0.333412,0.336978,10
contact_mode_shift,mpc_risk_arbitration,intervention_cost,0.085985,0.000463,0.085522,0.086448,10
contact_mode_shift,mpc_risk_arbitration,late_handoff,0.027073,0.000457,0.026616,0.027530,10
contact_mode_shift,mpc_risk_arbitration,override_precision,-0.060009,0.001053,-0.061062,-0.058957,10
contact_mode_shift,mpc_risk_arbitration,recovery_success,-0.104767,0.001028,-0.105794,-0.103739,10
contact_mode_shift,mpc_risk_arbitration,robust_utility,-0.236017,0.034737,-0.270754,-0.201279,10
contact_mode_shift,mpc_risk_arbitration,safety_violation,0.017708,0.024922,-0.007213,0.042630,10
contact_mode_shift,mpc_risk_arbitration,task_success,-0.097396,0.039830,-0.137226,-0.057566,10
contact_mode_shift,mpc_risk_arbitration,unsafe_autonomy,-0.044920,0.000477,-0.045397,-0.044443,10
contact_mode_shift,pomdp_handoff_policy,authority_regret,0.031367,0.000599,0.030767,0.031966,10
contact_mode_shift,pomdp_handoff_policy,boundary_calibration_error,0.019803,0.000704,0.019099,0.020506,10
contact_mode_shift,pomdp_handoff_policy,handoff_churn,0.031159,0.000879,0.030280,0.032038,10
contact_mode_shift,pomdp_handoff_policy,human_burden,0.152276,0.001795,0.150481,0.154071,10
contact_mode_shift,pomdp_handoff_policy,intervention_cost,0.025135,0.000378,0.024758,0.025513,10
contact_mode_shift,pomdp_handoff_policy,late_handoff,0.001956,0.000548,0.001407,0.002504,10
contact_mode_shift,pomdp_handoff_policy,override_precision,-0.020129,0.000620,-0.020749,-0.019509,10
contact_mode_shift,pomdp_handoff_policy,recovery_success,-0.033570,0.001122,-0.034692,-0.032448,10
contact_mode_shift,pomdp_handoff_policy,robust_utility,-0.084108,0.039103,-0.123211,-0.045004,10
contact_mode_shift,pomdp_handoff_policy,safety_violation,-0.013021,0.022635,-0.035656,0.009614,10
contact_mode_shift,pomdp_handoff_policy,task_success,-0.038542,0.030595,-0.069136,-0.007947,10
contact_mode_shift,pomdp_handoff_policy,unsafe_autonomy,-0.025325,0.000449,-0.025774,-0.024876,10
contact_mode_shift,recovery_aware_mpc,authority_regret,0.055538,0.000459,0.055079,0.055997,10
contact_mode_shift,recovery_aware_mpc,boundary_calibration_error,0.020028,0.000620,0.019408,0.020648,10
contact_mode_shift,recovery_aware_mpc,handoff_churn,0.060598,0.001217,0.059381,0.061815,10
contact_mode_shift,recovery_aware_mpc,human_burden,0.288331,0.000830,0.287501,0.289162,10
contact_mode_shift,recovery_aware_mpc,intervention_cost,0.038097,0.000468,0.037629,0.038565,10
contact_mode_shift,recovery_aware_mpc,late_handoff,0.030823,0.000704,0.030119,0.031526,10
contact_mode_shift,recovery_aware_mpc,override_precision,-0.049293,0.000830,-0.050123,-0.048462,10
contact_mode_shift,recovery_aware_mpc,recovery_success,-0.153565,0.000687,-0.154251,-0.152878,10
contact_mode_shift,recovery_aware_mpc,robust_utility,-0.236445,0.038284,-0.274729,-0.198161,10
contact_mode_shift,recovery_aware_mpc,safety_violation,0.013542,0.025744,-0.012203,0.039286,10
contact_mode_shift,recovery_aware_mpc,task_success,-0.116667,0.038774,-0.155440,-0.077893,10
contact_mode_shift,recovery_aware_mpc,unsafe_autonomy,-0.043911,0.000334,-0.044244,-0.043577,10
contact_mode_shift,uncertainty_triggered_handoff,authority_regret,-0.041486,0.001095,-0.042581,-0.040392,10
contact_mode_shift,uncertainty_triggered_handoff,boundary_calibration_error,-0.029778,0.000558,-0.030336,-0.029220,10
contact_mode_shift,uncertainty_triggered_handoff,handoff_churn,-0.079441,0.000759,-0.080200,-0.078682,10
contact_mode_shift,uncertainty_triggered_handoff,human_burden,-0.096853,0.000984,-0.097837,-0.095868,10
contact_mode_shift,uncertainty_triggered_handoff,intervention_cost,-0.000822,0.000300,-0.001122,-0.000522,10
contact_mode_shift,uncertainty_triggered_handoff,late_handoff,-0.029545,0.000797,-0.030342,-0.028748,10
contact_mode_shift,uncertainty_triggered_handoff,override_precision,0.060333,0.000789,0.059544,0.061122,10
contact_mode_shift,uncertainty_triggered_handoff,recovery_success,0.124851,0.000926,0.123925,0.125777,10
contact_mode_shift,uncertainty_triggered_handoff,robust_utility,0.136603,0.048956,0.087646,0.185559,10
contact_mode_shift,uncertainty_triggered_handoff,safety_violation,-0.010938,0.021652,-0.032590,0.010715,10
contact_mode_shift,uncertainty_triggered_handoff,task_success,0.071875,0.050098,0.021777,0.121973,10
contact_mode_shift,uncertainty_triggered_handoff,unsafe_autonomy,0.016414,0.000258,0.016156,0.016672,10
fragile_object_shift,authority_boundary_v4,authority_regret,-0.035815,0.000712,-0.036527,-0.035104,10
fragile_object_shift,authority_boundary_v4,boundary_calibration_error,-0.009647,0.000544,-0.010191,-0.009103,10
fragile_object_shift,authority_boundary_v4,handoff_churn,-0.020403,0.000672,-0.021075,-0.019731,10
fragile_object_shift,authority_boundary_v4,human_burden,-0.154019,0.000811,-0.154829,-0.153208,10
fragile_object_shift,authority_boundary_v4,intervention_cost,-0.014221,0.000648,-0.014869,-0.013573,10
fragile_object_shift,authority_boundary_v4,late_handoff,-0.014906,0.000874,-0.015780,-0.014031,10
fragile_object_shift,authority_boundary_v4,override_precision,0.029880,0.000579,0.029301,0.030459,10
fragile_object_shift,authority_boundary_v4,recovery_success,0.067944,0.001007,0.066937,0.068951,10
fragile_object_shift,authority_boundary_v4,robust_utility,0.153765,0.026241,0.127525,0.180006,10
fragile_object_shift,authority_boundary_v4,safety_violation,-0.052604,0.020946,-0.073550,-0.031659,10
fragile_object_shift,authority_boundary_v4,task_success,0.063541,0.020405,0.043136,0.083947,10
fragile_object_shift,authority_boundary_v4,unsafe_autonomy,0.025947,0.000313,0.025634,0.026260,10
fragile_object_shift,bayesian_authority_allocation,authority_regret,-0.019976,0.000673,-0.020648,-0.019303,10
fragile_object_shift,bayesian_authority_allocation,boundary_calibration_error,0.000375,0.000619,-0.000244,0.000993,10
fragile_object_shift,bayesian_authority_allocation,handoff_churn,0.010458,0.000656,0.009802,0.011114,10
fragile_object_shift,bayesian_authority_allocation,human_burden,-0.024741,0.000882,-0.025623,-0.023859,10
fragile_object_shift,bayesian_authority_allocation,intervention_cost,0.007862,0.000685,0.007178,0.008547,10
fragile_object_shift,bayesian_authority_allocation,late_handoff,-0.035607,0.000931,-0.036538,-0.034676,10
fragile_object_shift,bayesian_authority_allocation,override_precision,0.040297,0.000814,0.039483,0.041111,10
fragile_object_shift,bayesian_authority_allocation,recovery_success,0.079861,0.001073,0.078788,0.080934,10
fragile_object_shift,bayesian_authority_allocation,robust_utility,0.111664,0.032285,0.079379,0.143949,10
fragile_object_shift,bayesian_authority_allocation,safety_violation,-0.039583,0.029594,-0.069178,-0.009989,10
fragile_object_shift,bayesian_authority_allocation,task_success,0.066146,0.026796,0.039350,0.092941,10
fragile_object_shift,bayesian_authority_allocation,unsafe_autonomy,-0.002267,0.000242,-0.002508,-0.002025,10
fragile_object_shift,cbf_safety_filter,authority_regret,0.048402,0.000707,0.047695,0.049110,10
fragile_object_shift,cbf_safety_filter,boundary_calibration_error,0.009881,0.000741,0.009140,0.010622,10
fragile_object_shift,cbf_safety_filter,handoff_churn,0.079902,0.000952,0.078950,0.080855,10
fragile_object_shift,cbf_safety_filter,human_burden,0.380946,0.000713,0.380233,0.381659,10
fragile_object_shift,cbf_safety_filter,intervention_cost,0.154161,0.000844,0.153317,0.155005,10
fragile_object_shift,cbf_safety_filter,late_handoff,0.011928,0.000914,0.011014,0.012841,10
fragile_object_shift,cbf_safety_filter,override_precision,-0.029711,0.000755,-0.030466,-0.028956,10
fragile_object_shift,cbf_safety_filter,recovery_success,-0.036256,0.000853,-0.037109,-0.035404,10
fragile_object_shift,cbf_safety_filter,robust_utility,-0.226330,0.020748,-0.247078,-0.205583,10
fragile_object_shift,cbf_safety_filter,safety_violation,0.034896,0.028795,0.006100,0.063691,10
fragile_object_shift,cbf_safety_filter,task_success,-0.071354,0.017287,-0.088642,-0.054067,10
fragile_object_shift,cbf_safety_filter,unsafe_autonomy,-0.031564,0.000420,-0.031984,-0.031144,10
fragile_object_shift,mpc_risk_arbitration,authority_regret,0.069246,0.000730,0.068516,0.069976,10
fragile_object_shift,mpc_risk_arbitration,boundary_calibration_error,0.030708,0.000804,0.029904,0.031512,10
fragile_object_shift,mpc_risk_arbitration,handoff_churn,0.069874,0.000916,0.068958,0.070790,10
fragile_object_shift,mpc_risk_arbitration,human_burden,0.334558,0.001428,0.333130,0.335986,10
fragile_object_shift,mpc_risk_arbitration,intervention_cost,0.086037,0.000979,0.085058,0.087016,10
fragile_object_shift,mpc_risk_arbitration,late_handoff,0.027693,0.000332,0.027361,0.028026,10
fragile_object_shift,mpc_risk_arbitration,override_precision,-0.059382,0.001019,-0.060400,-0.058363,10
fragile_object_shift,mpc_risk_arbitration,recovery_success,-0.105134,0.000650,-0.105784,-0.104485,10
fragile_object_shift,mpc_risk_arbitration,robust_utility,-0.228529,0.037193,-0.265722,-0.191337,10
fragile_object_shift,mpc_risk_arbitration,safety_violation,0.002604,0.026060,-0.023456,0.028664,10
fragile_object_shift,mpc_risk_arbitration,task_success,-0.099479,0.037321,-0.136800,-0.062159,10
fragile_object_shift,mpc_risk_arbitration,unsafe_autonomy,-0.047082,0.000442,-0.047524,-0.046639,10
fragile_object_shift,pomdp_handoff_policy,authority_regret,0.032139,0.000645,0.031494,0.032783,10
fragile_object_shift,pomdp_handoff_policy,boundary_calibration_error,0.019928,0.000802,0.019127,0.020730,10
fragile_object_shift,pomdp_handoff_policy,handoff_churn,0.029770,0.000843,0.028926,0.030613,10
fragile_object_shift,pomdp_handoff_policy,human_burden,0.150921,0.001384,0.149537,0.152305,10
fragile_object_shift,pomdp_handoff_policy,intervention_cost,0.025945,0.000899,0.025046,0.026845,10
fragile_object_shift,pomdp_handoff_policy,late_handoff,0.002340,0.000746,0.001595,0.003086,10
fragile_object_shift,pomdp_handoff_policy,override_precision,-0.020123,0.000695,-0.020819,-0.019428,10
fragile_object_shift,pomdp_handoff_policy,recovery_success,-0.033744,0.000944,-0.034688,-0.032800,10
fragile_object_shift,pomdp_handoff_policy,robust_utility,-0.072622,0.027689,-0.100311,-0.044932,10
fragile_object_shift,pomdp_handoff_policy,safety_violation,0.003125,0.025336,-0.022211,0.028461,10
fragile_object_shift,pomdp_handoff_policy,task_success,-0.017188,0.022625,-0.039813,0.005438,10
fragile_object_shift,pomdp_handoff_policy,unsafe_autonomy,-0.025695,0.000376,-0.026070,-0.025319,10
fragile_object_shift,recovery_aware_mpc,authority_regret,0.055716,0.000859,0.054857,0.056575,10
fragile_object_shift,recovery_aware_mpc,boundary_calibration_error,0.020346,0.000754,0.019593,0.021100,10
fragile_object_shift,recovery_aware_mpc,handoff_churn,0.060226,0.000727,0.059499,0.060953,10
fragile_object_shift,recovery_aware_mpc,human_burden,0.288011,0.000627,0.287384,0.288638,10
fragile_object_shift,recovery_aware_mpc,intervention_cost,0.038511,0.000704,0.037807,0.039215,10
fragile_object_shift,recovery_aware_mpc,late_handoff,0.030932,0.000745,0.030186,0.031677,10
fragile_object_shift,recovery_aware_mpc,override_precision,-0.049469,0.000773,-0.050242,-0.048697,10
fragile_object_shift,recovery_aware_mpc,recovery_success,-0.153622,0.000959,-0.154581,-0.152663,10
fragile_object_shift,recovery_aware_mpc,robust_utility,-0.228171,0.029011,-0.257182,-0.199160,10
fragile_object_shift,recovery_aware_mpc,safety_violation,0.011979,0.033859,-0.021880,0.045838,10
fragile_object_shift,recovery_aware_mpc,task_success,-0.109375,0.022417,-0.131792,-0.086958,10
fragile_object_shift,recovery_aware_mpc,unsafe_autonomy,-0.045973,0.000413,-0.046386,-0.045559,10
fragile_object_shift,uncertainty_triggered_handoff,authority_regret,-0.041866,0.000872,-0.042738,-0.040995,10
fragile_object_shift,uncertainty_triggered_handoff,boundary_calibration_error,-0.030150,0.000509,-0.030659,-0.029641,10
fragile_object_shift,uncertainty_triggered_handoff,handoff_churn,-0.080314,0.001213,-0.081527,-0.079102,10
fragile_object_shift,uncertainty_triggered_handoff,human_burden,-0.096600,0.001465,-0.098065,-0.095134,10
fragile_object_shift,uncertainty_triggered_handoff,intervention_cost,-0.000661,0.000836,-0.001497,0.000175,10
fragile_object_shift,uncertainty_triggered_handoff,late_handoff,-0.028087,0.000794,-0.028881,-0.027293,10
fragile_object_shift,uncertainty_triggered_handoff,override_precision,0.059646,0.000754,0.058892,0.060400,10
fragile_object_shift,uncertainty_triggered_handoff,recovery_success,0.124129,0.000529,0.123601,0.124658,10
fragile_object_shift,uncertainty_triggered_handoff,robust_utility,0.163664,0.026938,0.136726,0.190602,10
fragile_object_shift,uncertainty_triggered_handoff,safety_violation,-0.007813,0.022274,-0.030087,0.014462,10
fragile_object_shift,uncertainty_triggered_handoff,task_success,0.101041,0.022735,0.078306,0.123776,10
fragile_object_shift,uncertainty_triggered_handoff,unsafe_autonomy,0.017044,0.000482,0.016562,0.017527,10
human_delay_shift,authority_boundary_v4,authority_regret,-0.035170,0.000880,-0.036050,-0.034289,10
human_delay_shift,authority_boundary_v4,boundary_calibration_error,-0.009781,0.000489,-0.010270,-0.009293,10
human_delay_shift,authority_boundary_v4,handoff_churn,-0.020366,0.001096,-0.021463,-0.019270,10
human_delay_shift,authority_boundary_v4,human_burden,-0.153520,0.001129,-0.154649,-0.152390,10
human_delay_shift,authority_boundary_v4,intervention_cost,-0.014947,0.000661,-0.015608,-0.014287,10
human_delay_shift,authority_boundary_v4,late_handoff,-0.015011,0.000829,-0.015840,-0.014181,10
human_delay_shift,authority_boundary_v4,override_precision,0.029354,0.001182,0.028172,0.030536,10
human_delay_shift,authority_boundary_v4,recovery_success,0.067437,0.000700,0.066737,0.068137,10
human_delay_shift,authority_boundary_v4,robust_utility,0.136331,0.034531,0.101800,0.170862,10
human_delay_shift,authority_boundary_v4,safety_violation,0.010416,0.033789,-0.023372,0.044205,10
human_delay_shift,authority_boundary_v4,task_success,0.085417,0.026454,0.058962,0.111871,10
human_delay_shift,authority_boundary_v4,unsafe_autonomy,0.018686,0.000144,0.018542,0.018829,10
human_delay_shift,bayesian_authority_allocation,authority_regret,-0.020327,0.000662,-0.020989,-0.019665,10
human_delay_shift,bayesian_authority_allocation,boundary_calibration_error,0.000646,0.000632,0.000014,0.001278,10
human_delay_shift,bayesian_authority_allocation,handoff_churn,0.009293,0.000559,0.008734,0.009852,10
human_delay_shift,bayesian_authority_allocation,human_burden,-0.024303,0.000809,-0.025112,-0.023494,10
human_delay_shift,bayesian_authority_allocation,intervention_cost,0.006756,0.000574,0.006182,0.007330,10
human_delay_shift,bayesian_authority_allocation,late_handoff,-0.035833,0.000892,-0.036725,-0.034941,10
human_delay_shift,bayesian_authority_allocation,override_precision,0.039297,0.000889,0.038408,0.040185,10
human_delay_shift,bayesian_authority_allocation,recovery_success,0.079663,0.000739,0.078924,0.080403,10
human_delay_shift,bayesian_authority_allocation,robust_utility,0.075657,0.038837,0.036821,0.114494,10
human_delay_shift,bayesian_authority_allocation,safety_violation,0.013021,0.025430,-0.012409,0.038451,10
human_delay_shift,bayesian_authority_allocation,task_success,0.062500,0.031921,0.030579,0.094421,10
human_delay_shift,bayesian_authority_allocation,unsafe_autonomy,-0.001026,0.000168,-0.001194,-0.000858,10
human_delay_shift,cbf_safety_filter,authority_regret,0.046851,0.000726,0.046125,0.047578,10
human_delay_shift,cbf_safety_filter,boundary_calibration_error,0.009929,0.000756,0.009173,0.010684,10
human_delay_shift,cbf_safety_filter,handoff_churn,0.080079,0.000938,0.079141,0.081017,10
human_delay_shift,cbf_safety_filter,human_burden,0.381479,0.000998,0.380481,0.382477,10
human_delay_shift,cbf_safety_filter,intervention_cost,0.153026,0.000629,0.152397,0.153655,10
human_delay_shift,cbf_safety_filter,late_handoff,0.011433,0.000945,0.010487,0.012378,10
human_delay_shift,cbf_safety_filter,override_precision,-0.030587,0.000797,-0.031384,-0.029791,10
human_delay_shift,cbf_safety_filter,recovery_success,-0.035003,0.001254,-0.036257,-0.033750,10
human_delay_shift,cbf_safety_filter,robust_utility,-0.264143,0.030527,-0.294670,-0.233616,10
human_delay_shift,cbf_safety_filter,safety_violation,0.061458,0.027510,0.033948,0.088968,10
human_delay_shift,cbf_safety_filter,task_success,-0.093229,0.023301,-0.116530,-0.069928,10
human_delay_shift,cbf_safety_filter,unsafe_autonomy,-0.032870,0.000281,-0.033151,-0.032588,10
human_delay_shift,mpc_risk_arbitration,authority_regret,0.068387,0.000618,0.067769,0.069006,10
human_delay_shift,mpc_risk_arbitration,boundary_calibration_error,0.030236,0.000602,0.029634,0.030839,10
human_delay_shift,mpc_risk_arbitration,handoff_churn,0.070178,0.000888,0.069289,0.071066,10
human_delay_shift,mpc_risk_arbitration,human_burden,0.335517,0.001433,0.334083,0.336950,10
human_delay_shift,mpc_risk_arbitration,intervention_cost,0.085580,0.000701,0.084879,0.086281,10
human_delay_shift,mpc_risk_arbitration,late_handoff,0.027516,0.000756,0.026760,0.028273,10
human_delay_shift,mpc_risk_arbitration,override_precision,-0.060262,0.000721,-0.060982,-0.059541,10
human_delay_shift,mpc_risk_arbitration,recovery_success,-0.104689,0.000699,-0.105388,-0.103991,10
human_delay_shift,mpc_risk_arbitration,robust_utility,-0.268180,0.017341,-0.285521,-0.250839,10
human_delay_shift,mpc_risk_arbitration,safety_violation,0.055729,0.028674,0.027055,0.084403,10
human_delay_shift,mpc_risk_arbitration,task_success,-0.106250,0.018463,-0.124713,-0.087787,10
human_delay_shift,mpc_risk_arbitration,unsafe_autonomy,-0.044981,0.000437,-0.045418,-0.044544,10
human_delay_shift,pomdp_handoff_policy,authority_regret,0.031880,0.000742,0.031138,0.032622,10
human_delay_shift,pomdp_handoff_policy,boundary_calibration_error,0.020025,0.000712,0.019313,0.020737,10
human_delay_shift,pomdp_handoff_policy,handoff_churn,0.029707,0.001041,0.028666,0.030749,10
human_delay_shift,pomdp_handoff_policy,human_burden,0.151365,0.001082,0.150283,0.152448,10
human_delay_shift,pomdp_handoff_policy,intervention_cost,0.024758,0.000654,0.024104,0.025412,10
human_delay_shift,pomdp_handoff_policy,late_handoff,0.002105,0.000892,0.001213,0.002996,10
human_delay_shift,pomdp_handoff_policy,override_precision,-0.020891,0.000943,-0.021834,-0.019948,10
human_delay_shift,pomdp_handoff_policy,recovery_success,-0.033454,0.000601,-0.034055,-0.032853,10
human_delay_shift,pomdp_handoff_policy,robust_utility,-0.106414,0.026837,-0.133250,-0.079577,10
human_delay_shift,pomdp_handoff_policy,safety_violation,0.012500,0.017563,-0.005063,0.030063,10
human_delay_shift,pomdp_handoff_policy,task_success,-0.045313,0.021897,-0.067210,-0.023416,10
human_delay_shift,pomdp_handoff_policy,unsafe_autonomy,-0.024195,0.000383,-0.024578,-0.023812,10
human_delay_shift,recovery_aware_mpc,authority_regret,0.055395,0.000749,0.054646,0.056144,10
human_delay_shift,recovery_aware_mpc,boundary_calibration_error,0.020393,0.000706,0.019687,0.021099,10
human_delay_shift,recovery_aware_mpc,handoff_churn,0.060150,0.000817,0.059333,0.060967,10
human_delay_shift,recovery_aware_mpc,human_burden,0.288250,0.001328,0.286922,0.289577,10
human_delay_shift,recovery_aware_mpc,intervention_cost,0.037814,0.000503,0.037312,0.038317,10
human_delay_shift,recovery_aware_mpc,late_handoff,0.031323,0.000853,0.030470,0.032176,10
human_delay_shift,recovery_aware_mpc,override_precision,-0.050785,0.000752,-0.051537,-0.050034,10
human_delay_shift,recovery_aware_mpc,recovery_success,-0.153949,0.000910,-0.154859,-0.153039,10
human_delay_shift,recovery_aware_mpc,robust_utility,-0.240126,0.032872,-0.272998,-0.207254,10
human_delay_shift,recovery_aware_mpc,safety_violation,0.027083,0.024052,0.003032,0.051135,10
human_delay_shift,recovery_aware_mpc,task_success,-0.111979,0.022584,-0.134564,-0.089395,10
human_delay_shift,recovery_aware_mpc,unsafe_autonomy,-0.043073,0.000289,-0.043363,-0.042784,10
human_delay_shift,uncertainty_triggered_handoff,authority_regret,-0.041742,0.000813,-0.042555,-0.040930,10
human_delay_shift,uncertainty_triggered_handoff,boundary_calibration_error,-0.029835,0.000413,-0.030248,-0.029422,10
human_delay_shift,uncertainty_triggered_handoff,handoff_churn,-0.080489,0.001100,-0.081589,-0.079389,10
human_delay_shift,uncertainty_triggered_handoff,human_burden,-0.097741,0.001424,-0.099165,-0.096316,10
human_delay_shift,uncertainty_triggered_handoff,intervention_cost,-0.001412,0.000561,-0.001973,-0.000851,10
human_delay_shift,uncertainty_triggered_handoff,late_handoff,-0.028776,0.000828,-0.029604,-0.027948,10
human_delay_shift,uncertainty_triggered_handoff,override_precision,0.059151,0.000955,0.058196,0.060106,10
human_delay_shift,uncertainty_triggered_handoff,recovery_success,0.124218,0.001463,0.122755,0.125682,10
human_delay_shift,uncertainty_triggered_handoff,robust_utility,0.147162,0.037031,0.110131,0.184193,10
human_delay_shift,uncertainty_triggered_handoff,safety_violation,-0.014063,0.016252,-0.030314,0.002189,10
human_delay_shift,uncertainty_triggered_handoff,task_success,0.080208,0.030746,0.049463,0.110954,10
human_delay_shift,uncertainty_triggered_handoff,unsafe_autonomy,0.015528,0.000325,0.015203,0.015853,10
intent_ambiguity_shift,authority_boundary_v4,authority_regret,-0.035045,0.000594,-0.035639,-0.034452,10
intent_ambiguity_shift,authority_boundary_v4,boundary_calibration_error,-0.010016,0.000738,-0.010754,-0.009278,10
intent_ambiguity_shift,authority_boundary_v4,handoff_churn,-0.019358,0.000978,-0.020336,-0.018379,10
intent_ambiguity_shift,authority_boundary_v4,human_burden,-0.153755,0.001331,-0.155085,-0.152424,10
intent_ambiguity_shift,authority_boundary_v4,intervention_cost,-0.014461,0.000611,-0.015071,-0.013850,10
intent_ambiguity_shift,authority_boundary_v4,late_handoff,-0.015698,0.000270,-0.015968,-0.015428,10
intent_ambiguity_shift,authority_boundary_v4,override_precision,0.030112,0.000790,0.029322,0.030902,10
intent_ambiguity_shift,authority_boundary_v4,recovery_success,0.067313,0.000639,0.066674,0.067953,10
intent_ambiguity_shift,authority_boundary_v4,robust_utility,0.144735,0.029997,0.114738,0.174731,10
intent_ambiguity_shift,authority_boundary_v4,safety_violation,-0.031771,0.021812,-0.053583,-0.009959,10
intent_ambiguity_shift,authority_boundary_v4,task_success,0.067708,0.022928,0.044781,0.090636,10
intent_ambiguity_shift,authority_boundary_v4,unsafe_autonomy,0.020785,0.000237,0.020548,0.021022,10
intent_ambiguity_shift,bayesian_authority_allocation,authority_regret,-0.020005,0.000790,-0.020795,-0.019215,10
intent_ambiguity_shift,bayesian_authority_allocation,boundary_calibration_error,-0.000362,0.000556,-0.000918,0.000194,10
intent_ambiguity_shift,bayesian_authority_allocation,handoff_churn,0.010100,0.000905,0.009195,0.011004,10
intent_ambiguity_shift,bayesian_authority_allocation,human_burden,-0.024031,0.001379,-0.025410,-0.022653,10
intent_ambiguity_shift,bayesian_authority_allocation,intervention_cost,0.007547,0.000752,0.006796,0.008299,10
intent_ambiguity_shift,bayesian_authority_allocation,late_handoff,-0.035641,0.000534,-0.036175,-0.035107,10
intent_ambiguity_shift,bayesian_authority_allocation,override_precision,0.040104,0.001172,0.038933,0.041276,10
intent_ambiguity_shift,bayesian_authority_allocation,recovery_success,0.079495,0.000796,0.078699,0.080291,10
intent_ambiguity_shift,bayesian_authority_allocation,robust_utility,0.086396,0.036441,0.049955,0.122836,10
intent_ambiguity_shift,bayesian_authority_allocation,safety_violation,-0.031771,0.015627,-0.047398,-0.016144,10
intent_ambiguity_shift,bayesian_authority_allocation,task_success,0.045833,0.035779,0.010054,0.081613,10
intent_ambiguity_shift,bayesian_authority_allocation,unsafe_autonomy,-0.001262,0.000411,-0.001673,-0.000852,10
intent_ambiguity_shift,cbf_safety_filter,authority_regret,0.046011,0.000688,0.045323,0.046699,10
intent_ambiguity_shift,cbf_safety_filter,boundary_calibration_error,0.009832,0.000800,0.009031,0.010632,10
intent_ambiguity_shift,cbf_safety_filter,handoff_churn,0.079834,0.000911,0.078923,0.080745,10
intent_ambiguity_shift,cbf_safety_filter,human_burden,0.380886,0.001153,0.379733,0.382039,10
intent_ambiguity_shift,cbf_safety_filter,intervention_cost,0.153305,0.000698,0.152607,0.154004,10
intent_ambiguity_shift,cbf_safety_filter,late_handoff,0.011913,0.000544,0.011369,0.012458,10
intent_ambiguity_shift,cbf_safety_filter,override_precision,-0.030636,0.001039,-0.031675,-0.029597,10
intent_ambiguity_shift,cbf_safety_filter,recovery_success,-0.035676,0.000752,-0.036427,-0.034924,10
intent_ambiguity_shift,cbf_safety_filter,robust_utility,-0.220794,0.032616,-0.253410,-0.188179,10
intent_ambiguity_shift,cbf_safety_filter,safety_violation,0.040625,0.015429,0.025196,0.056054,10
intent_ambiguity_shift,cbf_safety_filter,task_success,-0.063021,0.036821,-0.099842,-0.026200,10
intent_ambiguity_shift,cbf_safety_filter,unsafe_autonomy,-0.031830,0.000478,-0.032308,-0.031352,10
intent_ambiguity_shift,mpc_risk_arbitration,authority_regret,0.068492,0.000668,0.067824,0.069159,10
intent_ambiguity_shift,mpc_risk_arbitration,boundary_calibration_error,0.029718,0.000741,0.028977,0.030460,10
intent_ambiguity_shift,mpc_risk_arbitration,handoff_churn,0.070560,0.000919,0.069641,0.071478,10
intent_ambiguity_shift,mpc_risk_arbitration,human_burden,0.335881,0.001087,0.334795,0.336968,10
intent_ambiguity_shift,mpc_risk_arbitration,intervention_cost,0.086351,0.000733,0.085618,0.087083,10
intent_ambiguity_shift,mpc_risk_arbitration,late_handoff,0.026801,0.000760,0.026042,0.027561,10
intent_ambiguity_shift,mpc_risk_arbitration,override_precision,-0.059624,0.001114,-0.060738,-0.058510,10
intent_ambiguity_shift,mpc_risk_arbitration,recovery_success,-0.103952,0.001068,-0.105020,-0.102885,10
intent_ambiguity_shift,mpc_risk_arbitration,robust_utility,-0.239608,0.040446,-0.280054,-0.199162,10
intent_ambiguity_shift,mpc_risk_arbitration,safety_violation,0.014583,0.013763,0.000820,0.028347,10
intent_ambiguity_shift,mpc_risk_arbitration,task_success,-0.103125,0.036294,-0.139418,-0.066831,10
intent_ambiguity_shift,mpc_risk_arbitration,unsafe_autonomy,-0.044659,0.000263,-0.044922,-0.044396,10
intent_ambiguity_shift,pomdp_handoff_policy,authority_regret,0.031229,0.000445,0.030784,0.031674,10
intent_ambiguity_shift,pomdp_handoff_policy,boundary_calibration_error,0.019519,0.000744,0.018775,0.020263,10
intent_ambiguity_shift,pomdp_handoff_policy,handoff_churn,0.030340,0.000999,0.029341,0.031340,10
intent_ambiguity_shift,pomdp_handoff_policy,human_burden,0.151496,0.000814,0.150682,0.152310,10
intent_ambiguity_shift,pomdp_handoff_policy,intervention_cost,0.025254,0.000598,0.024657,0.025852,10
intent_ambiguity_shift,pomdp_handoff_policy,late_handoff,0.002036,0.000429,0.001608,0.002465,10
intent_ambiguity_shift,pomdp_handoff_policy,override_precision,-0.019740,0.000829,-0.020568,-0.018911,10
intent_ambiguity_shift,pomdp_handoff_policy,recovery_success,-0.033469,0.000822,-0.034292,-0.032647,10
intent_ambiguity_shift,pomdp_handoff_policy,robust_utility,-0.073492,0.035701,-0.109193,-0.037791,10
intent_ambiguity_shift,pomdp_handoff_policy,safety_violation,-0.007813,0.023291,-0.031104,0.015478,10
intent_ambiguity_shift,pomdp_handoff_policy,task_success,-0.025000,0.027928,-0.052928,0.002928,10
intent_ambiguity_shift,pomdp_handoff_policy,unsafe_autonomy,-0.023866,0.000253,-0.024119,-0.023613,10
intent_ambiguity_shift,recovery_aware_mpc,authority_regret,0.054862,0.000689,0.054173,0.055551,10
intent_ambiguity_shift,recovery_aware_mpc,boundary_calibration_error,0.019640,0.000757,0.018884,0.020397,10
intent_ambiguity_shift,recovery_aware_mpc,handoff_churn,0.059902,0.000972,0.058930,0.060873,10
intent_ambiguity_shift,recovery_aware_mpc,human_burden,0.288471,0.001498,0.286973,0.289969,10
intent_ambiguity_shift,recovery_aware_mpc,intervention_cost,0.038339,0.000880,0.037459,0.039219,10
intent_ambiguity_shift,recovery_aware_mpc,late_handoff,0.030795,0.000468,0.030327,0.031263,10
intent_ambiguity_shift,recovery_aware_mpc,override_precision,-0.050361,0.000869,-0.051230,-0.049492,10
intent_ambiguity_shift,recovery_aware_mpc,recovery_success,-0.153286,0.000849,-0.154136,-0.152437,10
intent_ambiguity_shift,recovery_aware_mpc,robust_utility,-0.228348,0.046318,-0.274666,-0.182031,10
intent_ambiguity_shift,recovery_aware_mpc,safety_violation,-0.000000,0.019724,-0.019725,0.019724,10
intent_ambiguity_shift,recovery_aware_mpc,task_success,-0.117187,0.037593,-0.154780,-0.079595,10
intent_ambiguity_shift,recovery_aware_mpc,unsafe_autonomy,-0.042593,0.000428,-0.043022,-0.042165,10
intent_ambiguity_shift,uncertainty_triggered_handoff,authority_regret,-0.042227,0.000394,-0.042621,-0.041833,10
intent_ambiguity_shift,uncertainty_triggered_handoff,boundary_calibration_error,-0.030175,0.000686,-0.030860,-0.029489,10
intent_ambiguity_shift,uncertainty_triggered_handoff,handoff_churn,-0.079803,0.000941,-0.080745,-0.078862,10
intent_ambiguity_shift,uncertainty_triggered_handoff,human_burden,-0.097000,0.001392,-0.098392,-0.095608,10
intent_ambiguity_shift,uncertainty_triggered_handoff,intervention_cost,-0.000317,0.000705,-0.001022,0.000388,10
intent_ambiguity_shift,uncertainty_triggered_handoff,late_handoff,-0.028965,0.000580,-0.029544,-0.028385,10
intent_ambiguity_shift,uncertainty_triggered_handoff,override_precision,0.059994,0.000728,0.059266,0.060722,10
intent_ambiguity_shift,uncertainty_triggered_handoff,recovery_success,0.123372,0.000597,0.122775,0.123969,10
intent_ambiguity_shift,uncertainty_triggered_handoff,robust_utility,0.191188,0.029528,0.161660,0.220716,10
intent_ambiguity_shift,uncertainty_triggered_handoff,safety_violation,-0.031771,0.021111,-0.052882,-0.010660,10
intent_ambiguity_shift,uncertainty_triggered_handoff,task_success,0.113542,0.024481,0.089061,0.138023,10
intent_ambiguity_shift,uncertainty_triggered_handoff,unsafe_autonomy,0.015639,0.000333,0.015306,0.015971,10
low_signal_high_risk_shift,authority_boundary_v4,authority_regret,-0.035901,0.000810,-0.036712,-0.035091,10
low_signal_high_risk_shift,authority_boundary_v4,boundary_calibration_error,-0.009631,0.000808,-0.010439,-0.008823,10
low_signal_high_risk_shift,authority_boundary_v4,handoff_churn,-0.019677,0.001179,-0.020856,-0.018498,10
low_signal_high_risk_shift,authority_boundary_v4,human_burden,-0.152905,0.001064,-0.153968,-0.151841,10
low_signal_high_risk_shift,authority_boundary_v4,intervention_cost,-0.014120,0.000741,-0.014861,-0.013378,10
low_signal_high_risk_shift,authority_boundary_v4,late_handoff,-0.014984,0.000615,-0.015599,-0.014369,10
low_signal_high_risk_shift,authority_boundary_v4,override_precision,0.029769,0.000933,0.028836,0.030702,10
low_signal_high_risk_shift,authority_boundary_v4,recovery_success,0.067117,0.000767,0.066350,0.067883,10
low_signal_high_risk_shift,authority_boundary_v4,robust_utility,0.138671,0.031816,0.106854,0.170487,10
low_signal_high_risk_shift,authority_boundary_v4,safety_violation,-0.010417,0.031187,-0.041604,0.020770,10
low_signal_high_risk_shift,authority_boundary_v4,task_success,0.075000,0.026013,0.048987,0.101013,10
low_signal_high_risk_shift,authority_boundary_v4,unsafe_autonomy,0.020119,0.000175,0.019945,0.020294,10
low_signal_high_risk_shift,bayesian_authority_allocation,authority_regret,-0.020780,0.000691,-0.021472,-0.020089,10
low_signal_high_risk_shift,bayesian_authority_allocation,boundary_calibration_error,0.000553,0.000579,-0.000026,0.001131,10
low_signal_high_risk_shift,bayesian_authority_allocation,handoff_churn,0.010466,0.000553,0.009913,0.011019,10
low_signal_high_risk_shift,bayesian_authority_allocation,human_burden,-0.023720,0.001062,-0.024781,-0.022658,10
low_signal_high_risk_shift,bayesian_authority_allocation,intervention_cost,0.007752,0.000879,0.006872,0.008631,10
low_signal_high_risk_shift,bayesian_authority_allocation,late_handoff,-0.035934,0.000601,-0.036535,-0.035333,10
low_signal_high_risk_shift,bayesian_authority_allocation,override_precision,0.039306,0.001057,0.038249,0.040363,10
low_signal_high_risk_shift,bayesian_authority_allocation,recovery_success,0.079093,0.001059,0.078034,0.080152,10
low_signal_high_risk_shift,bayesian_authority_allocation,robust_utility,0.083048,0.037756,0.045292,0.120804,10
low_signal_high_risk_shift,bayesian_authority_allocation,safety_violation,-0.011979,0.027897,-0.039876,0.015917,10
low_signal_high_risk_shift,bayesian_authority_allocation,task_success,0.054688,0.034710,0.019978,0.089397,10
low_signal_high_risk_shift,bayesian_authority_allocation,unsafe_autonomy,-0.000653,0.000199,-0.000852,-0.000454,10
low_signal_high_risk_shift,cbf_safety_filter,authority_regret,0.048334,0.000704,0.047630,0.049038,10
low_signal_high_risk_shift,cbf_safety_filter,boundary_calibration_error,0.010280,0.000659,0.009622,0.010939,10
low_signal_high_risk_shift,cbf_safety_filter,handoff_churn,0.080052,0.000991,0.079061,0.081042,10
low_signal_high_risk_shift,cbf_safety_filter,human_burden,0.381769,0.001201,0.380568,0.382971,10
low_signal_high_risk_shift,cbf_safety_filter,intervention_cost,0.154042,0.000694,0.153348,0.154736,10
low_signal_high_risk_shift,cbf_safety_filter,late_handoff,0.011528,0.000450,0.011078,0.011978,10
low_signal_high_risk_shift,cbf_safety_filter,override_precision,-0.029815,0.001023,-0.030838,-0.028792,10
low_signal_high_risk_shift,cbf_safety_filter,recovery_success,-0.037653,0.000824,-0.038477,-0.036829,10
low_signal_high_risk_shift,cbf_safety_filter,robust_utility,-0.260055,0.037801,-0.297856,-0.222254,10
low_signal_high_risk_shift,cbf_safety_filter,safety_violation,0.094792,0.013336,0.081456,0.108128,10
low_signal_high_risk_shift,cbf_safety_filter,task_success,-0.067708,0.034028,-0.101736,-0.033680,10
low_signal_high_risk_shift,cbf_safety_filter,unsafe_autonomy,-0.043445,0.000344,-0.043789,-0.043102,10
low_signal_high_risk_shift,mpc_risk_arbitration,authority_regret,0.069834,0.000647,0.069187,0.070482,10
low_signal_high_risk_shift,mpc_risk_arbitration,boundary_calibration_error,0.030251,0.000569,0.029682,0.030820,10
low_signal_high_risk_shift,mpc_risk_arbitration,handoff_churn,0.069846,0.000844,0.069002,0.070690,10
low_signal_high_risk_shift,mpc_risk_arbitration,human_burden,0.336744,0.001030,0.335714,0.337774,10
low_signal_high_risk_shift,mpc_risk_arbitration,intervention_cost,0.085973,0.000816,0.085158,0.086789,10
low_signal_high_risk_shift,mpc_risk_arbitration,late_handoff,0.027299,0.000925,0.026374,0.028224,10
low_signal_high_risk_shift,mpc_risk_arbitration,override_precision,-0.060076,0.001236,-0.061312,-0.058840,10
low_signal_high_risk_shift,mpc_risk_arbitration,recovery_success,-0.105729,0.000824,-0.106554,-0.104905,10
low_signal_high_risk_shift,mpc_risk_arbitration,robust_utility,-0.251614,0.023042,-0.274655,-0.228572,10
low_signal_high_risk_shift,mpc_risk_arbitration,safety_violation,0.046354,0.018479,0.027875,0.064833,10
low_signal_high_risk_shift,mpc_risk_arbitration,task_success,-0.094792,0.020518,-0.115310,-0.074273,10
low_signal_high_risk_shift,mpc_risk_arbitration,unsafe_autonomy,-0.057675,0.000245,-0.057920,-0.057430,10
low_signal_high_risk_shift,pomdp_handoff_policy,authority_regret,0.032428,0.000791,0.031637,0.033219,10
low_signal_high_risk_shift,pomdp_handoff_policy,boundary_calibration_error,0.020242,0.000545,0.019697,0.020787,10
low_signal_high_risk_shift,pomdp_handoff_policy,handoff_churn,0.030914,0.000578,0.030335,0.031492,10
low_signal_high_risk_shift,pomdp_handoff_policy,human_burden,0.153226,0.000909,0.152318,0.154135,10
low_signal_high_risk_shift,pomdp_handoff_policy,intervention_cost,0.025674,0.000738,0.024936,0.026413,10
low_signal_high_risk_shift,pomdp_handoff_policy,late_handoff,0.002220,0.000920,0.001300,0.003139,10
low_signal_high_risk_shift,pomdp_handoff_policy,override_precision,-0.020204,0.001257,-0.021462,-0.018947,10
low_signal_high_risk_shift,pomdp_handoff_policy,recovery_success,-0.035397,0.000875,-0.036272,-0.034522,10
low_signal_high_risk_shift,pomdp_handoff_policy,robust_utility,-0.071324,0.028569,-0.099894,-0.042755,10
low_signal_high_risk_shift,pomdp_handoff_policy,safety_violation,0.015625,0.024913,-0.009288,0.040538,10
low_signal_high_risk_shift,pomdp_handoff_policy,task_success,-0.007291,0.023239,-0.030530,0.015947,10
low_signal_high_risk_shift,pomdp_handoff_policy,unsafe_autonomy,-0.030830,0.000267,-0.031097,-0.030563,10
low_signal_high_risk_shift,recovery_aware_mpc,authority_regret,0.055927,0.000744,0.055183,0.056671,10
low_signal_high_risk_shift,recovery_aware_mpc,boundary_calibration_error,0.020421,0.000752,0.019668,0.021173,10
low_signal_high_risk_shift,recovery_aware_mpc,handoff_churn,0.060353,0.000777,0.059576,0.061130,10
low_signal_high_risk_shift,recovery_aware_mpc,human_burden,0.289255,0.001095,0.288160,0.290350,10
low_signal_high_risk_shift,recovery_aware_mpc,intervention_cost,0.038470,0.000645,0.037826,0.039115,10
low_signal_high_risk_shift,recovery_aware_mpc,late_handoff,0.030945,0.000639,0.030306,0.031584,10
low_signal_high_risk_shift,recovery_aware_mpc,override_precision,-0.050998,0.001095,-0.052093,-0.049903,10
low_signal_high_risk_shift,recovery_aware_mpc,recovery_success,-0.154861,0.000702,-0.155563,-0.154159,10
low_signal_high_risk_shift,recovery_aware_mpc,robust_utility,-0.232729,0.018253,-0.250982,-0.214475,10
low_signal_high_risk_shift,recovery_aware_mpc,safety_violation,0.039583,0.016822,0.022761,0.056406,10
low_signal_high_risk_shift,recovery_aware_mpc,task_success,-0.096354,0.018715,-0.115069,-0.077639,10
low_signal_high_risk_shift,recovery_aware_mpc,unsafe_autonomy,-0.054411,0.000279,-0.054690,-0.054132,10
low_signal_high_risk_shift,uncertainty_triggered_handoff,authority_regret,-0.042428,0.000514,-0.042942,-0.041913,10
low_signal_high_risk_shift,uncertainty_triggered_handoff,boundary_calibration_error,-0.029868,0.000549,-0.030417,-0.029319,10
low_signal_high_risk_shift,uncertainty_triggered_handoff,handoff_churn,-0.080003,0.001060,-0.081063,-0.078943,10
low_signal_high_risk_shift,uncertainty_triggered_handoff,human_burden,-0.096431,0.000739,-0.097169,-0.095692,10
low_signal_high_risk_shift,uncertainty_triggered_handoff,intervention_cost,-0.000801,0.000665,-0.001466,-0.000135,10
low_signal_high_risk_shift,uncertainty_triggered_handoff,late_handoff,-0.028728,0.000390,-0.029118,-0.028338,10
low_signal_high_risk_shift,uncertainty_triggered_handoff,override_precision,0.060010,0.000891,0.059119,0.060902,10
low_signal_high_risk_shift,uncertainty_triggered_handoff,recovery_success,0.123808,0.001129,0.122679,0.124938,10
low_signal_high_risk_shift,uncertainty_triggered_handoff,robust_utility,0.133838,0.030176,0.103662,0.164013,10
low_signal_high_risk_shift,uncertainty_triggered_handoff,safety_violation,0.011979,0.025738,-0.013759,0.037717,10
low_signal_high_risk_shift,uncertainty_triggered_handoff,task_success,0.083333,0.024396,0.058938,0.107729,10
low_signal_high_risk_shift,uncertainty_triggered_handoff,unsafe_autonomy,0.017844,0.000232,0.017611,0.018076,10
nominal_shared_autonomy,authority_boundary_v4,authority_regret,-0.034335,0.000722,-0.035057,-0.033613,10
nominal_shared_autonomy,authority_boundary_v4,boundary_calibration_error,-0.009900,0.000773,-0.010673,-0.009127,10
nominal_shared_autonomy,authority_boundary_v4,handoff_churn,-0.020595,0.000943,-0.021538,-0.019652,10
nominal_shared_autonomy,authority_boundary_v4,human_burden,-0.153741,0.000868,-0.154609,-0.152873,10
nominal_shared_autonomy,authority_boundary_v4,intervention_cost,-0.014987,0.000792,-0.015780,-0.014195,10
nominal_shared_autonomy,authority_boundary_v4,late_handoff,-0.015062,0.000783,-0.015845,-0.014279,10
nominal_shared_autonomy,authority_boundary_v4,override_precision,0.030309,0.000630,0.029678,0.030939,10
nominal_shared_autonomy,authority_boundary_v4,recovery_success,0.067215,0.000663,0.066552,0.067878,10
nominal_shared_autonomy,authority_boundary_v4,robust_utility,0.145427,0.037812,0.107615,0.183238,10
nominal_shared_autonomy,authority_boundary_v4,safety_violation,-0.018750,0.022837,-0.041587,0.004087,10
nominal_shared_autonomy,authority_boundary_v4,task_success,0.076563,0.037525,0.039038,0.114087,10
nominal_shared_autonomy,authority_boundary_v4,unsafe_autonomy,0.021837,0.000253,0.021583,0.022090,10
nominal_shared_autonomy,bayesian_authority_allocation,authority_regret,-0.019437,0.000670,-0.020107,-0.018767,10
nominal_shared_autonomy,bayesian_authority_allocation,boundary_calibration_error,-0.000460,0.000620,-0.001080,0.000160,10
nominal_shared_autonomy,bayesian_authority_allocation,handoff_churn,0.009205,0.001163,0.008042,0.010368,10
nominal_shared_autonomy,bayesian_authority_allocation,human_burden,-0.024457,0.001262,-0.025719,-0.023195,10
nominal_shared_autonomy,bayesian_authority_allocation,intervention_cost,0.006691,0.001044,0.005648,0.007735,10
nominal_shared_autonomy,bayesian_authority_allocation,late_handoff,-0.036060,0.000799,-0.036859,-0.035261,10
nominal_shared_autonomy,bayesian_authority_allocation,override_precision,0.040493,0.000514,0.039979,0.041007,10
nominal_shared_autonomy,bayesian_authority_allocation,recovery_success,0.079265,0.001002,0.078263,0.080267,10
nominal_shared_autonomy,bayesian_authority_allocation,robust_utility,0.075066,0.022057,0.053008,0.097123,10
nominal_shared_autonomy,bayesian_authority_allocation,safety_violation,-0.007291,0.021316,-0.028607,0.014024,10
nominal_shared_autonomy,bayesian_authority_allocation,task_success,0.049479,0.015084,0.034395,0.064563,10
nominal_shared_autonomy,bayesian_authority_allocation,unsafe_autonomy,-0.002621,0.000394,-0.003015,-0.002226,10
nominal_shared_autonomy,cbf_safety_filter,authority_regret,0.046428,0.000447,0.045981,0.046875,10
nominal_shared_autonomy,cbf_safety_filter,boundary_calibration_error,0.009699,0.000409,0.009290,0.010109,10
nominal_shared_autonomy,cbf_safety_filter,handoff_churn,0.080232,0.001147,0.079086,0.081379,10
nominal_shared_autonomy,cbf_safety_filter,human_burden,0.381867,0.000900,0.380967,0.382767,10
nominal_shared_autonomy,cbf_safety_filter,intervention_cost,0.153425,0.000898,0.152527,0.154322,10
nominal_shared_autonomy,cbf_safety_filter,late_handoff,0.011492,0.000617,0.010875,0.012108,10
nominal_shared_autonomy,cbf_safety_filter,override_precision,-0.029612,0.001122,-0.030734,-0.028489,10
nominal_shared_autonomy,cbf_safety_filter,recovery_success,-0.035418,0.000796,-0.036214,-0.034623,10
nominal_shared_autonomy,cbf_safety_filter,robust_utility,-0.214377,0.027735,-0.242112,-0.186642,10
nominal_shared_autonomy,cbf_safety_filter,safety_violation,0.058333,0.016376,0.041957,0.074709,10
nominal_shared_autonomy,cbf_safety_filter,task_success,-0.045313,0.029977,-0.075290,-0.015335,10
nominal_shared_autonomy,cbf_safety_filter,unsafe_autonomy,-0.022779,0.000307,-0.023086,-0.022472,10
nominal_shared_autonomy,mpc_risk_arbitration,authority_regret,0.069393,0.000647,0.068746,0.070040,10
nominal_shared_autonomy,mpc_risk_arbitration,boundary_calibration_error,0.029742,0.000764,0.028979,0.030506,10
nominal_shared_autonomy,mpc_risk_arbitration,handoff_churn,0.069675,0.000944,0.068731,0.070618,10
nominal_shared_autonomy,mpc_risk_arbitration,human_burden,0.335464,0.001629,0.333835,0.337093,10
nominal_shared_autonomy,mpc_risk_arbitration,intervention_cost,0.085919,0.000863,0.085056,0.086783,10
nominal_shared_autonomy,mpc_risk_arbitration,late_handoff,0.027088,0.000740,0.026348,0.027828,10
nominal_shared_autonomy,mpc_risk_arbitration,override_precision,-0.059969,0.000619,-0.060588,-0.059351,10
nominal_shared_autonomy,mpc_risk_arbitration,recovery_success,-0.104387,0.000904,-0.105291,-0.103483,10
nominal_shared_autonomy,mpc_risk_arbitration,robust_utility,-0.240539,0.028438,-0.268977,-0.212101,10
nominal_shared_autonomy,mpc_risk_arbitration,safety_violation,0.021875,0.026217,-0.004342,0.048092,10
nominal_shared_autonomy,mpc_risk_arbitration,task_success,-0.099479,0.025026,-0.124505,-0.074453,10
nominal_shared_autonomy,mpc_risk_arbitration,unsafe_autonomy,-0.037477,0.000366,-0.037844,-0.037111,10
nominal_shared_autonomy,pomdp_handoff_policy,authority_regret,0.032147,0.000422,0.031725,0.032569,10
nominal_shared_autonomy,pomdp_handoff_policy,boundary_calibration_error,0.019679,0.000626,0.019052,0.020305,10
nominal_shared_autonomy,pomdp_handoff_policy,handoff_churn,0.029835,0.001326,0.028509,0.031161,10
nominal_shared_autonomy,pomdp_handoff_policy,human_burden,0.151938,0.001173,0.150765,0.153110,10
nominal_shared_autonomy,pomdp_handoff_policy,intervention_cost,0.024913,0.001079,0.023834,0.025992,10
nominal_shared_autonomy,pomdp_handoff_policy,late_handoff,0.002177,0.000821,0.001355,0.002998,10
nominal_shared_autonomy,pomdp_handoff_policy,override_precision,-0.019964,0.000916,-0.020881,-0.019048,10
nominal_shared_autonomy,pomdp_handoff_policy,recovery_success,-0.034604,0.000856,-0.035460,-0.033748,10
nominal_shared_autonomy,pomdp_handoff_policy,robust_utility,-0.089377,0.031692,-0.121070,-0.057685,10
nominal_shared_autonomy,pomdp_handoff_policy,safety_violation,-0.002083,0.014691,-0.016775,0.012608,10
nominal_shared_autonomy,pomdp_handoff_policy,task_success,-0.036979,0.027579,-0.064558,-0.009400,10
nominal_shared_autonomy,pomdp_handoff_policy,unsafe_autonomy,-0.020833,0.000440,-0.021273,-0.020393,10
nominal_shared_autonomy,recovery_aware_mpc,authority_regret,0.055276,0.000666,0.054610,0.055942,10
nominal_shared_autonomy,recovery_aware_mpc,boundary_calibration_error,0.019923,0.000599,0.019324,0.020522,10
nominal_shared_autonomy,recovery_aware_mpc,handoff_churn,0.059601,0.000642,0.058959,0.060243,10
nominal_shared_autonomy,recovery_aware_mpc,human_burden,0.288168,0.001334,0.286834,0.289502,10
nominal_shared_autonomy,recovery_aware_mpc,intervention_cost,0.037538,0.000807,0.036731,0.038346,10
nominal_shared_autonomy,recovery_aware_mpc,late_handoff,0.030849,0.000492,0.030357,0.031342,10
nominal_shared_autonomy,recovery_aware_mpc,override_precision,-0.049360,0.000845,-0.050205,-0.048515,10
nominal_shared_autonomy,recovery_aware_mpc,recovery_success,-0.154207,0.000792,-0.154999,-0.153415,10
nominal_shared_autonomy,recovery_aware_mpc,robust_utility,-0.214491,0.040682,-0.255173,-0.173809,10
nominal_shared_autonomy,recovery_aware_mpc,safety_violation,0.010417,0.019369,-0.008952,0.029785,10
nominal_shared_autonomy,recovery_aware_mpc,task_success,-0.096875,0.033761,-0.130636,-0.063114,10
nominal_shared_autonomy,recovery_aware_mpc,unsafe_autonomy,-0.036884,0.000275,-0.037159,-0.036609,10
nominal_shared_autonomy,uncertainty_triggered_handoff,authority_regret,-0.041351,0.000976,-0.042328,-0.040375,10
nominal_shared_autonomy,uncertainty_triggered_handoff,boundary_calibration_error,-0.030399,0.000550,-0.030949,-0.029848,10
nominal_shared_autonomy,uncertainty_triggered_handoff,handoff_churn,-0.080482,0.001164,-0.081647,-0.079318,10
nominal_shared_autonomy,uncertainty_triggered_handoff,human_burden,-0.096827,0.001128,-0.097955,-0.095699,10
nominal_shared_autonomy,uncertainty_triggered_handoff,intervention_cost,-0.000804,0.000860,-0.001664,0.000056,10
nominal_shared_autonomy,uncertainty_triggered_handoff,late_handoff,-0.029112,0.000764,-0.029876,-0.028348,10
nominal_shared_autonomy,uncertainty_triggered_handoff,override_precision,0.060390,0.000605,0.059785,0.060994,10
nominal_shared_autonomy,uncertainty_triggered_handoff,recovery_success,0.122982,0.001052,0.121930,0.124034,10
nominal_shared_autonomy,uncertainty_triggered_handoff,robust_utility,0.177676,0.031843,0.145833,0.209519,10
nominal_shared_autonomy,uncertainty_triggered_handoff,safety_violation,-0.024479,0.016881,-0.041360,-0.007598,10
nominal_shared_autonomy,uncertainty_triggered_handoff,task_success,0.104688,0.027705,0.076983,0.132392,10
nominal_shared_autonomy,uncertainty_triggered_handoff,unsafe_autonomy,0.013920,0.000238,0.013683,0.014158,10
