rank,uid,title,year,venue,url,problem_claimed,actual_mechanism,hidden_assumptions,variables_treated_as_fixed,failure_modes_ignored,what_it_makes_less_novel,what_it_leaves_open
1,doi:10.66238/ijcbs40,Safety-Critical Control for Human-Robot Interaction in Shared Workspaces using Control Barrier Functions,2026,International Journal of Computational and Biological Sciences,https://doi.org/10.66238/ijcbs40,Addresses shared autonomy and robot control or a neighboring robotics mechanism.,"Prior work usually predicts, ranks, filters, or imitates observed behavior rather than preserving unrealized branches.",The observed outcome is enough to supervise the model.,"Contact mode support, embodiment limits, and deployment perturbations.","Branch collapse, hidden-mode shift, and tail-risk planning failures.",Generic world models and generic uncertainty are crowded.,Control authority boundaries keeps action-critical alternatives explicit until a physical observation collapses them.
2,doi:10.1115/dscc2020-3296,Adaptive Impedance Control for the Haptic Shared Driving Task Based on Nonlinear MPC,2020,Volume 1: Adaptive/Intelligent Sys. Control; Driver Assistance/Autonomous Tech.; Control Design Methods; Nonlinear Control; Robotics; Assistive/Rehabilitation Devices; Biomedical/Neural Systems; Building Energy Systems; Connected Vehicle Systems; Control/Estimation of Energy Systems; Control Apps.; Smart Buildings/Microgrids; Education; Human-Robot Systems; Soft Mechatronics/Robotic Components/Systems; Energy/Power Systems; Energy Storage; Estimation/Identification; Vehicle Efficiency/Emissions,https://doi.org/10.1115/dscc2020-3296,Addresses shared autonomy and robot control or a neighboring robotics mechanism.,"Prior work usually predicts, ranks, filters, or imitates observed behavior rather than preserving unrealized branches.",The observed outcome is enough to supervise the model.,"Contact mode support, embodiment limits, and deployment perturbations.","Branch collapse, hidden-mode shift, and tail-risk planning failures.",Generic world models and generic uncertainty are crowded.,Control authority boundaries keeps action-critical alternatives explicit until a physical observation collapses them.
3,arxiv:2107.09822v3,Bayesian Controller Fusion: Leveraging Control Priors in Deep Reinforcement Learning for Robotics,2021,arXiv,http://arxiv.org/abs/2107.09822v3,Addresses shared autonomy and robot control or a neighboring robotics mechanism.,"Prior work usually predicts, ranks, filters, or imitates observed behavior rather than preserving unrealized branches.",The observed outcome is enough to supervise the model.,"Contact mode support, embodiment limits, and deployment perturbations.","Branch collapse, hidden-mode shift, and tail-risk planning failures.",Generic world models and generic uncertainty are crowded.,Control authority boundaries keeps action-critical alternatives explicit until a physical observation collapses them.
4,doi:10.1007/s10846-023-02023-w,A Shared Control Approach Based on First-Order Dynamical Systems and Closed-Loop Variable Stiffness Control,2023,Journal of Intelligent & Robotic Systems,https://doi.org/10.1007/s10846-023-02023-w,Addresses shared autonomy and robot control or a neighboring robotics mechanism.,"Prior work usually predicts, ranks, filters, or imitates observed behavior rather than preserving unrealized branches.",The observed outcome is enough to supervise the model.,"Contact mode support, embodiment limits, and deployment perturbations.","Branch collapse, hidden-mode shift, and tail-risk planning failures.",Generic world models and generic uncertainty are crowded.,Control authority boundaries keeps action-critical alternatives explicit until a physical observation collapses them.
5,doi:10.1016/j.ifacol.2020.12.2751,Haptic Shared Control for Human-Robot Collaboration: A Game-Theoretical Approach,2020,IFAC-PapersOnLine,https://doi.org/10.1016/j.ifacol.2020.12.2751,Addresses shared autonomy and robot control or a neighboring robotics mechanism.,"Prior work usually predicts, ranks, filters, or imitates observed behavior rather than preserving unrealized branches.",The observed outcome is enough to supervise the model.,"Contact mode support, embodiment limits, and deployment perturbations.","Branch collapse, hidden-mode shift, and tail-risk planning failures.",Generic world models and generic uncertainty are crowded.,Control authority boundaries keeps action-critical alternatives explicit until a physical observation collapses them.
6,arxiv:2112.00279v1,A Barrier Pair Method for Safe Human-Robot Shared Autonomy,2021,arXiv,http://arxiv.org/abs/2112.00279v1,Addresses shared autonomy and robot control or a neighboring robotics mechanism.,"Prior work usually predicts, ranks, filters, or imitates observed behavior rather than preserving unrealized branches.",The observed outcome is enough to supervise the model.,"Contact mode support, embodiment limits, and deployment perturbations.","Branch collapse, hidden-mode shift, and tail-risk planning failures.",Generic world models and generic uncertainty are crowded.,Control authority boundaries keeps action-critical alternatives explicit until a physical observation collapses them.
7,doi:10.1115/dscc2017-5274,Online Hybrid Model Predictive Controller Design for Cruise Control of Automobiles,2017,"Volume 1: Aerospace Applications; Advances in Control Design Methods; Bio Engineering Applications; Advances in Non-Linear Control; Adaptive and Intelligent Systems Control; Advances in Wind Energy Systems; Advances in Robotics; Assistive and Rehabilitation Robotics; Biomedical and Neural Systems Modeling, Diagnostics, and Control; Bio-Mechatronics and Physical Human Robot; Advanced Driver Assistance Systems and Autonomous Vehicles; Automotive Systems",https://doi.org/10.1115/dscc2017-5274,Addresses shared autonomy and robot control or a neighboring robotics mechanism.,"Prior work usually predicts, ranks, filters, or imitates observed behavior rather than preserving unrealized branches.",The observed outcome is enough to supervise the model.,"Contact mode support, embodiment limits, and deployment perturbations.","Branch collapse, hidden-mode shift, and tail-risk planning failures.",Generic world models and generic uncertainty are crowded.,Control authority boundaries keeps action-critical alternatives explicit until a physical observation collapses them.
8,doi:10.1115/dscc2020-3313,Towards Explainable Co-Robots: Developing Confidence-Based Shared Control Paradigms,2020,Volume 1: Adaptive/Intelligent Sys. Control; Driver Assistance/Autonomous Tech.; Control Design Methods; Nonlinear Control; Robotics; Assistive/Rehabilitation Devices; Biomedical/Neural Systems; Building Energy Systems; Connected Vehicle Systems; Control/Estimation of Energy Systems; Control Apps.; Smart Buildings/Microgrids; Education; Human-Robot Systems; Soft Mechatronics/Robotic Components/Systems; Energy/Power Systems; Energy Storage; Estimation/Identification; Vehicle Efficiency/Emissions,https://doi.org/10.1115/dscc2020-3313,Addresses shared autonomy and robot control or a neighboring robotics mechanism.,"Prior work usually predicts, ranks, filters, or imitates observed behavior rather than preserving unrealized branches.",The observed outcome is enough to supervise the model.,"Contact mode support, embodiment limits, and deployment perturbations.","Branch collapse, hidden-mode shift, and tail-risk planning failures.",Generic world models and generic uncertainty are crowded.,Control authority boundaries keeps action-critical alternatives explicit until a physical observation collapses them.
9,doi:10.1002/rob.21671,Collaborative Autonomy between High‐level Behaviors and Human Operators for Remote Manipulation Tasks using Different Humanoid Robots,2017,Journal of Field Robotics,https://doi.org/10.1002/rob.21671,Addresses shared autonomy and robot control or a neighboring robotics mechanism.,"Prior work usually predicts, ranks, filters, or imitates observed behavior rather than preserving unrealized branches.",The observed outcome is enough to supervise the model.,"Contact mode support, embodiment limits, and deployment perturbations.","Branch collapse, hidden-mode shift, and tail-risk planning failures.",Generic world models and generic uncertainty are crowded.,Control authority boundaries keeps action-critical alternatives explicit until a physical observation collapses them.
10,doi:10.1177/02783649231167210,Bayesian controller fusion: Leveraging control priors in deep reinforcement learning for robotics,2023,The International Journal of Robotics Research,https://doi.org/10.1177/02783649231167210,Addresses shared autonomy and robot control or a neighboring robotics mechanism.,"Prior work usually predicts, ranks, filters, or imitates observed behavior rather than preserving unrealized branches.",The observed outcome is enough to supervise the model.,"Contact mode support, embodiment limits, and deployment perturbations.","Branch collapse, hidden-mode shift, and tail-risk planning failures.",Generic world models and generic uncertainty are crowded.,Control authority boundaries keeps action-critical alternatives explicit until a physical observation collapses them.
11,doi:10.1109/icra40945.2020.9196941,Adaptive Authority Allocation in Shared Control of Robots Using Bayesian Filters,2020,,https://doi.org/10.1109/icra40945.2020.9196941,Addresses shared autonomy and robot control or a neighboring robotics mechanism.,"Prior work usually predicts, ranks, filters, or imitates observed behavior rather than preserving unrealized branches.",The observed outcome is enough to supervise the model.,"Contact mode support, embodiment limits, and deployment perturbations.","Branch collapse, hidden-mode shift, and tail-risk planning failures.",Generic world models and generic uncertainty are crowded.,Control authority boundaries keeps action-critical alternatives explicit until a physical observation collapses them.
12,doi:10.1002/asjc.70001,Output‐constrained adaptive optimal control for physical human–robot interaction using electromyography signals,2025,Asian Journal of Control,https://doi.org/10.1002/asjc.70001,Addresses shared autonomy and robot control or a neighboring robotics mechanism.,"Prior work usually predicts, ranks, filters, or imitates observed behavior rather than preserving unrealized branches.",The observed outcome is enough to supervise the model.,"Contact mode support, embodiment limits, and deployment perturbations.","Branch collapse, hidden-mode shift, and tail-risk planning failures.",Generic world models and generic uncertainty are crowded.,Control authority boundaries keeps action-critical alternatives explicit until a physical observation collapses them.
13,doi:10.3389/fnbot.2024.1429952,An efficient grasping shared control architecture for unpredictable and unspecified tasks,2024,Frontiers in Neurorobotics,https://doi.org/10.3389/fnbot.2024.1429952,Addresses shared autonomy and robot control or a neighboring robotics mechanism.,"Prior work usually predicts, ranks, filters, or imitates observed behavior rather than preserving unrealized branches.",The observed outcome is enough to supervise the model.,"Contact mode support, embodiment limits, and deployment perturbations.","Branch collapse, hidden-mode shift, and tail-risk planning failures.",Generic world models and generic uncertainty are crowded.,Control authority boundaries keeps action-critical alternatives explicit until a physical observation collapses them.
14,doi:10.1109/lra.2021.3064449,Toward Seamless Transitions Between Shared Control and Supervised Autonomy in Robotic Assistance,2021,IEEE Robotics and Automation Letters,https://doi.org/10.1109/lra.2021.3064449,Addresses shared autonomy and robot control or a neighboring robotics mechanism.,"Prior work usually predicts, ranks, filters, or imitates observed behavior rather than preserving unrealized branches.",The observed outcome is enough to supervise the model.,"Contact mode support, embodiment limits, and deployment perturbations.","Branch collapse, hidden-mode shift, and tail-risk planning failures.",Generic world models and generic uncertainty are crowded.,Control authority boundaries keeps action-critical alternatives explicit until a physical observation collapses them.
15,doi:10.1002/rob.21835,Shared autonomy for low‐cost underwater vehicles,2019,Journal of Field Robotics,https://doi.org/10.1002/rob.21835,Addresses shared autonomy and robot control or a neighboring robotics mechanism.,"Prior work usually predicts, ranks, filters, or imitates observed behavior rather than preserving unrealized branches.",The observed outcome is enough to supervise the model.,"Contact mode support, embodiment limits, and deployment perturbations.","Branch collapse, hidden-mode shift, and tail-risk planning failures.",Generic world models and generic uncertainty are crowded.,Control authority boundaries keeps action-critical alternatives explicit until a physical observation collapses them.
16,doi:10.1115/1.4039145,"A Review of Intent Detection, Arbitration, and Communication Aspects of Shared Control for Physical Human–Robot Interaction",2018,Applied Mechanics Reviews,https://doi.org/10.1115/1.4039145,Addresses shared autonomy and robot control or a neighboring robotics mechanism.,"Prior work usually predicts, ranks, filters, or imitates observed behavior rather than preserving unrealized branches.",The observed outcome is enough to supervise the model.,"Contact mode support, embodiment limits, and deployment perturbations.","Branch collapse, hidden-mode shift, and tail-risk planning failures.",Generic world models and generic uncertainty are crowded.,Control authority boundaries keeps action-critical alternatives explicit until a physical observation collapses them.
17,doi:10.1145/3359614,Probabilistic Human Intent Recognition for Shared Autonomy in Assistive Robotics,2020,ACM Transactions on Human-Robot Interaction,https://doi.org/10.1145/3359614,Addresses shared autonomy and robot control or a neighboring robotics mechanism.,"Prior work usually predicts, ranks, filters, or imitates observed behavior rather than preserving unrealized branches.",The observed outcome is enough to supervise the model.,"Contact mode support, embodiment limits, and deployment perturbations.","Branch collapse, hidden-mode shift, and tail-risk planning failures.",Generic world models and generic uncertainty are crowded.,Control authority boundaries keeps action-critical alternatives explicit until a physical observation collapses them.
18,doi:10.3389/fnbot.2020.567571,Toward Shared Autonomy Control Schemes for Human-Robot Systems: Action Primitive Recognition Using Eye Gaze Features,2020,Frontiers in Neurorobotics,https://doi.org/10.3389/fnbot.2020.567571,Addresses shared autonomy and robot control or a neighboring robotics mechanism.,"Prior work usually predicts, ranks, filters, or imitates observed behavior rather than preserving unrealized branches.",The observed outcome is enough to supervise the model.,"Contact mode support, embodiment limits, and deployment perturbations.","Branch collapse, hidden-mode shift, and tail-risk planning failures.",Generic world models and generic uncertainty are crowded.,Control authority boundaries keeps action-critical alternatives explicit until a physical observation collapses them.
19,doi:10.2139/ssrn.6770199,Human–Machine Shared Control Optimization base on Model Predictive Control Safety Layer and Deep Reinforcement Learning for Unknown Environments,,,https://doi.org/10.2139/ssrn.6770199,Addresses shared autonomy and robot control or a neighboring robotics mechanism.,"Prior work usually predicts, ranks, filters, or imitates observed behavior rather than preserving unrealized branches.",The observed outcome is enough to supervise the model.,"Contact mode support, embodiment limits, and deployment perturbations.","Branch collapse, hidden-mode shift, and tail-risk planning failures.",Generic world models and generic uncertainty are crowded.,Control authority boundaries keeps action-critical alternatives explicit until a physical observation collapses them.
20,doi:10.1108/ir-10-2019-0217,Human–robot shared control for humanoid manipulator trajectory planning,2020,Industrial Robot: the international journal of robotics research and application,https://doi.org/10.1108/ir-10-2019-0217,Addresses shared autonomy and robot control or a neighboring robotics mechanism.,"Prior work usually predicts, ranks, filters, or imitates observed behavior rather than preserving unrealized branches.",The observed outcome is enough to supervise the model.,"Contact mode support, embodiment limits, and deployment perturbations.","Branch collapse, hidden-mode shift, and tail-risk planning failures.",Generic world models and generic uncertainty are crowded.,Control authority boundaries keeps action-critical alternatives explicit until a physical observation collapses them.
21,doi:10.1515/pjbr-2019-0002,Autonomy in surgical robots and its meaningful human control,2018,Paladyn Journal of Behavioral Robotics,https://doi.org/10.1515/pjbr-2019-0002,Addresses shared autonomy and robot control or a neighboring robotics mechanism.,"Prior work usually predicts, ranks, filters, or imitates observed behavior rather than preserving unrealized branches.",The observed outcome is enough to supervise the model.,"Contact mode support, embodiment limits, and deployment perturbations.","Branch collapse, hidden-mode shift, and tail-risk planning failures.",Generic world models and generic uncertainty are crowded.,Control authority boundaries keeps action-critical alternatives explicit until a physical observation collapses them.
22,doi:10.1145/3476412,Evaluating Human–Robot Interaction Algorithms in Shared Autonomy via Quality Diversity Scenario Generation,2022,ACM Transactions on Human-Robot Interaction,https://doi.org/10.1145/3476412,Addresses shared autonomy and robot control or a neighboring robotics mechanism.,"Prior work usually predicts, ranks, filters, or imitates observed behavior rather than preserving unrealized branches.",The observed outcome is enough to supervise the model.,"Contact mode support, embodiment limits, and deployment perturbations.","Branch collapse, hidden-mode shift, and tail-risk planning failures.",Generic world models and generic uncertainty are crowded.,Control authority boundaries keeps action-critical alternatives explicit until a physical observation collapses them.
23,doi:10.1109/icetci57876.2023.10176869,Trajectory Planning of Autonomous Mobile Robot using Model Predictive Control in Human-Robot Shared Workspace,2023,"2023 IEEE 3rd International Conference on Electronic Technology, Communication and Information (ICETCI)",https://doi.org/10.1109/icetci57876.2023.10176869,Addresses shared autonomy and robot control or a neighboring robotics mechanism.,"Prior work usually predicts, ranks, filters, or imitates observed behavior rather than preserving unrealized branches.",The observed outcome is enough to supervise the model.,"Contact mode support, embodiment limits, and deployment perturbations.","Branch collapse, hidden-mode shift, and tail-risk planning failures.",Generic world models and generic uncertainty are crowded.,Control authority boundaries keeps action-critical alternatives explicit until a physical observation collapses them.
24,doi:10.36227/techrxiv.24018825,Experimental Evaluation of Model Predictive Mixed-Initiative Variable Autonomy Systems Applied to Human-Robot Teams,,,https://doi.org/10.36227/techrxiv.24018825,Addresses shared autonomy and robot control or a neighboring robotics mechanism.,"Prior work usually predicts, ranks, filters, or imitates observed behavior rather than preserving unrealized branches.",The observed outcome is enough to supervise the model.,"Contact mode support, embodiment limits, and deployment perturbations.","Branch collapse, hidden-mode shift, and tail-risk planning failures.",Generic world models and generic uncertainty are crowded.,Control authority boundaries keeps action-critical alternatives explicit until a physical observation collapses them.
25,doi:10.1109/lra.2023.3287039,The Impacts of Unreliable Autonomy in Human-Robot Collaboration on Shared and Supervisory Control for Remote Manipulation,2023,IEEE Robotics and Automation Letters,https://doi.org/10.1109/lra.2023.3287039,Addresses shared autonomy and robot control or a neighboring robotics mechanism.,"Prior work usually predicts, ranks, filters, or imitates observed behavior rather than preserving unrealized branches.",The observed outcome is enough to supervise the model.,"Contact mode support, embodiment limits, and deployment perturbations.","Branch collapse, hidden-mode shift, and tail-risk planning failures.",Generic world models and generic uncertainty are crowded.,Control authority boundaries keeps action-critical alternatives explicit until a physical observation collapses them.
26,doi:10.1109/icra57147.2024.10610761,Shared Autonomy via Variable Impedance Control and Virtual Potential Fields for Encoding Human Demonstrations *,2024,2024 IEEE International Conference on Robotics and Automation (ICRA),https://doi.org/10.1109/icra57147.2024.10610761,Addresses shared autonomy and robot control or a neighboring robotics mechanism.,"Prior work usually predicts, ranks, filters, or imitates observed behavior rather than preserving unrealized branches.",The observed outcome is enough to supervise the model.,"Contact mode support, embodiment limits, and deployment perturbations.","Branch collapse, hidden-mode shift, and tail-risk planning failures.",Generic world models and generic uncertainty are crowded.,Control authority boundaries keeps action-critical alternatives explicit until a physical observation collapses them.
27,doi:10.3389/frobt.2021.711388,Shared Control of a Powered Exoskeleton and Functional Electrical Stimulation Using Iterative Learning,2021,Frontiers in Robotics and AI,https://doi.org/10.3389/frobt.2021.711388,Addresses shared autonomy and robot control or a neighboring robotics mechanism.,"Prior work usually predicts, ranks, filters, or imitates observed behavior rather than preserving unrealized branches.",The observed outcome is enough to supervise the model.,"Contact mode support, embodiment limits, and deployment perturbations.","Branch collapse, hidden-mode shift, and tail-risk planning failures.",Generic world models and generic uncertainty are crowded.,Control authority boundaries keeps action-critical alternatives explicit until a physical observation collapses them.
28,doi:10.1142/s021984361850010x,Modeling and Path-Following Control of a Wheelchair in Human-Shared Environments,2018,International Journal of Humanoid Robotics,https://doi.org/10.1142/s021984361850010x,Addresses shared autonomy and robot control or a neighboring robotics mechanism.,"Prior work usually predicts, ranks, filters, or imitates observed behavior rather than preserving unrealized branches.",The observed outcome is enough to supervise the model.,"Contact mode support, embodiment limits, and deployment perturbations.","Branch collapse, hidden-mode shift, and tail-risk planning failures.",Generic world models and generic uncertainty are crowded.,Control authority boundaries keeps action-critical alternatives explicit until a physical observation collapses them.
29,doi:10.1115/dscc2017-5071,Optimal Control of a Hydrostatic Wind Turbine Drivetrain for Efficiency Improvements,2017,"Volume 1: Aerospace Applications; Advances in Control Design Methods; Bio Engineering Applications; Advances in Non-Linear Control; Adaptive and Intelligent Systems Control; Advances in Wind Energy Systems; Advances in Robotics; Assistive and Rehabilitation Robotics; Biomedical and Neural Systems Modeling, Diagnostics, and Control; Bio-Mechatronics and Physical Human Robot; Advanced Driver Assistance Systems and Autonomous Vehicles; Automotive Systems",https://doi.org/10.1115/dscc2017-5071,Addresses shared autonomy and robot control or a neighboring robotics mechanism.,"Prior work usually predicts, ranks, filters, or imitates observed behavior rather than preserving unrealized branches.",The observed outcome is enough to supervise the model.,"Contact mode support, embodiment limits, and deployment perturbations.","Branch collapse, hidden-mode shift, and tail-risk planning failures.",Generic world models and generic uncertainty are crowded.,Control authority boundaries keeps action-critical alternatives explicit until a physical observation collapses them.
30,doi:10.1115/dscc2015-9841,Dynamic Affection-Based Motion Control of a Humanoid Robot to Collaborate With Human in Flexible Assembly in Manufacturing,2015,"Volume 3: Multiagent Network Systems; Natural Gas and Heat Exchangers; Path Planning and Motion Control; Powertrain Systems; Rehab Robotics; Robot Manipulators; Rollover Prevention (AVS); Sensors and Actuators; Time Delay Systems; Tracking Control Systems; Uncertain Systems and Robustness; Unmanned, Ground and Surface Robotics; Vehicle Dynamics Control; Vibration and Control of Smart Structures/Mech Systems; Vibration Issues in Mechanical Systems",https://doi.org/10.1115/dscc2015-9841,Addresses shared autonomy and robot control or a neighboring robotics mechanism.,"Prior work usually predicts, ranks, filters, or imitates observed behavior rather than preserving unrealized branches.",The observed outcome is enough to supervise the model.,"Contact mode support, embodiment limits, and deployment perturbations.","Branch collapse, hidden-mode shift, and tail-risk planning failures.",Generic world models and generic uncertainty are crowded.,Control authority boundaries keeps action-critical alternatives explicit until a physical observation collapses them.
31,doi:10.1109/cdc45484.2021.9682961,A Barrier Pair Method for Safe Human-Robot Shared Autonomy,2021,2021 60th IEEE Conference on Decision and Control (CDC),https://doi.org/10.1109/cdc45484.2021.9682961,Addresses shared autonomy and robot control or a neighboring robotics mechanism.,"Prior work usually predicts, ranks, filters, or imitates observed behavior rather than preserving unrealized branches.",The observed outcome is enough to supervise the model.,"Contact mode support, embodiment limits, and deployment perturbations.","Branch collapse, hidden-mode shift, and tail-risk planning failures.",Generic world models and generic uncertainty are crowded.,Control authority boundaries keeps action-critical alternatives explicit until a physical observation collapses them.
32,doi:10.1016/j.rcim.2024.102876,A corrective shared control architecture for human–robot collaborative polishing tasks,2024,Robotics and Computer-Integrated Manufacturing,https://doi.org/10.1016/j.rcim.2024.102876,Addresses shared autonomy and robot control or a neighboring robotics mechanism.,"Prior work usually predicts, ranks, filters, or imitates observed behavior rather than preserving unrealized branches.",The observed outcome is enough to supervise the model.,"Contact mode support, embodiment limits, and deployment perturbations.","Branch collapse, hidden-mode shift, and tail-risk planning failures.",Generic world models and generic uncertainty are crowded.,Control authority boundaries keeps action-critical alternatives explicit until a physical observation collapses them.
33,doi:10.1017/s0263574717000510,Obstacle avoidance control of a human-in-the-loop mobile robot system using harmonic potential fields,2017,Robotica,https://doi.org/10.1017/s0263574717000510,Addresses shared autonomy and robot control or a neighboring robotics mechanism.,"Prior work usually predicts, ranks, filters, or imitates observed behavior rather than preserving unrealized branches.",The observed outcome is enough to supervise the model.,"Contact mode support, embodiment limits, and deployment perturbations.","Branch collapse, hidden-mode shift, and tail-risk planning failures.",Generic world models and generic uncertainty are crowded.,Control authority boundaries keeps action-critical alternatives explicit until a physical observation collapses them.
34,doi:10.1109/tro.2016.2581216,Goal Set Inverse Optimal Control and Iterative Replanning for Predicting Human Reaching Motions in Shared Workspaces,2016,IEEE Transactions on Robotics,https://doi.org/10.1109/tro.2016.2581216,Addresses shared autonomy and robot control or a neighboring robotics mechanism.,"Prior work usually predicts, ranks, filters, or imitates observed behavior rather than preserving unrealized branches.",The observed outcome is enough to supervise the model.,"Contact mode support, embodiment limits, and deployment perturbations.","Branch collapse, hidden-mode shift, and tail-risk planning failures.",Generic world models and generic uncertainty are crowded.,Control authority boundaries keeps action-critical alternatives explicit until a physical observation collapses them.
35,doi:10.1016/j.robot.2019.01.020,Data-driven human driver lateral control models for developing haptic-shared control advanced driver assist systems,2019,Robotics and Autonomous Systems,https://doi.org/10.1016/j.robot.2019.01.020,Addresses shared autonomy and robot control or a neighboring robotics mechanism.,"Prior work usually predicts, ranks, filters, or imitates observed behavior rather than preserving unrealized branches.",The observed outcome is enough to supervise the model.,"Contact mode support, embodiment limits, and deployment perturbations.","Branch collapse, hidden-mode shift, and tail-risk planning failures.",Generic world models and generic uncertainty are crowded.,Control authority boundaries keeps action-critical alternatives explicit until a physical observation collapses them.
36,doi:10.1109/icra46639.2022.9811360,CATs: Task Planning for Shared Control of Assistive Robots with Variable Autonomy,2022,2022 International Conference on Robotics and Automation (ICRA),https://doi.org/10.1109/icra46639.2022.9811360,Addresses shared autonomy and robot control or a neighboring robotics mechanism.,"Prior work usually predicts, ranks, filters, or imitates observed behavior rather than preserving unrealized branches.",The observed outcome is enough to supervise the model.,"Contact mode support, embodiment limits, and deployment perturbations.","Branch collapse, hidden-mode shift, and tail-risk planning failures.",Generic world models and generic uncertainty are crowded.,Control authority boundaries keeps action-critical alternatives explicit until a physical observation collapses them.
37,doi:10.1016/j.robot.2023.104555,Shared autonomy and positive power control for powered exoskeletons,2024,Robotics and Autonomous Systems,https://doi.org/10.1016/j.robot.2023.104555,Addresses shared autonomy and robot control or a neighboring robotics mechanism.,"Prior work usually predicts, ranks, filters, or imitates observed behavior rather than preserving unrealized branches.",The observed outcome is enough to supervise the model.,"Contact mode support, embodiment limits, and deployment perturbations.","Branch collapse, hidden-mode shift, and tail-risk planning failures.",Generic world models and generic uncertainty are crowded.,Control authority boundaries keeps action-critical alternatives explicit until a physical observation collapses them.
38,doi:10.1109/roman.2012.6343867,Human-machine interaction as key technology for driverless driving - A trajectory-based shared autonomy control approach,2012,2012 IEEE RO-MAN: The 21st IEEE International Symposium on Robot and Human Interactive Communication,https://doi.org/10.1109/roman.2012.6343867,Addresses shared autonomy and robot control or a neighboring robotics mechanism.,"Prior work usually predicts, ranks, filters, or imitates observed behavior rather than preserving unrealized branches.",The observed outcome is enough to supervise the model.,"Contact mode support, embodiment limits, and deployment perturbations.","Branch collapse, hidden-mode shift, and tail-risk planning failures.",Generic world models and generic uncertainty are crowded.,Control authority boundaries keeps action-critical alternatives explicit until a physical observation collapses them.
39,doi:10.1109/jas.2017.7510760,Cyber-physical-social system between a humanoid robot and a virtual human through a shared platform for adaptive agent ecology,2017,IEEE/CAA Journal of Automatica Sinica,https://doi.org/10.1109/jas.2017.7510760,Addresses shared autonomy and robot control or a neighboring robotics mechanism.,"Prior work usually predicts, ranks, filters, or imitates observed behavior rather than preserving unrealized branches.",The observed outcome is enough to supervise the model.,"Contact mode support, embodiment limits, and deployment perturbations.","Branch collapse, hidden-mode shift, and tail-risk planning failures.",Generic world models and generic uncertainty are crowded.,Control authority boundaries keeps action-critical alternatives explicit until a physical observation collapses them.
40,doi:10.31763/ijrcs.v5i2.1844,Strategic Chess Algorithm-Based PI Controller Optimization for Load Frequency Control in Two-Area Hybrid Photovoltaic–Thermal Power Systems,2025,International Journal of Robotics and Control Systems,https://doi.org/10.31763/ijrcs.v5i2.1844,Addresses shared autonomy and robot control or a neighboring robotics mechanism.,"Prior work usually predicts, ranks, filters, or imitates observed behavior rather than preserving unrealized branches.",The observed outcome is enough to supervise the model.,"Contact mode support, embodiment limits, and deployment perturbations.","Branch collapse, hidden-mode shift, and tail-risk planning failures.",Generic world models and generic uncertainty are crowded.,Control authority boundaries keeps action-critical alternatives explicit until a physical observation collapses them.
41,arxiv:2310.05865v3,A Learning-Based Framework for Safe Human-Robot Collaboration with Multiple Backup Control Barrier Functions,2023,arXiv,http://arxiv.org/abs/2310.05865v3,Addresses shared autonomy and robot control or a neighboring robotics mechanism.,"Prior work usually predicts, ranks, filters, or imitates observed behavior rather than preserving unrealized branches.",The observed outcome is enough to supervise the model.,"Contact mode support, embodiment limits, and deployment perturbations.","Branch collapse, hidden-mode shift, and tail-risk planning failures.",Generic world models and generic uncertainty are crowded.,Control authority boundaries keeps action-critical alternatives explicit until a physical observation collapses them.
42,doi:10.1109/tase.2023.3320873,Adaptive Safety-Critical Control With Uncertainty Estimation for Human–Robot Collaboration,2023,IEEE Transactions on Automation Science and Engineering,https://doi.org/10.1109/tase.2023.3320873,Addresses shared autonomy and robot control or a neighboring robotics mechanism.,"Prior work usually predicts, ranks, filters, or imitates observed behavior rather than preserving unrealized branches.",The observed outcome is enough to supervise the model.,"Contact mode support, embodiment limits, and deployment perturbations.","Branch collapse, hidden-mode shift, and tail-risk planning failures.",Generic world models and generic uncertainty are crowded.,Control authority boundaries keeps action-critical alternatives explicit until a physical observation collapses them.
43,doi:10.20944/preprints202604.2037.v1,Robots That Last: Long-Horizon Robotics Should Optimize Persistent Autonomy,,,https://doi.org/10.20944/preprints202604.2037.v1,Addresses shared autonomy and robot control or a neighboring robotics mechanism.,"Prior work usually predicts, ranks, filters, or imitates observed behavior rather than preserving unrealized branches.",The observed outcome is enough to supervise the model.,"Contact mode support, embodiment limits, and deployment perturbations.","Branch collapse, hidden-mode shift, and tail-risk planning failures.",Generic world models and generic uncertainty are crowded.,Control authority boundaries keeps action-critical alternatives explicit until a physical observation collapses them.
44,doi:10.1109/icrom54204.2021.9663515,Human-Robot Interaction Control using a Sliding Mode Controller with Disturbance Observer,2021,2021 9th RSI International Conference on Robotics and Mechatronics (ICRoM),https://doi.org/10.1109/icrom54204.2021.9663515,Addresses shared autonomy and robot control or a neighboring robotics mechanism.,"Prior work usually predicts, ranks, filters, or imitates observed behavior rather than preserving unrealized branches.",The observed outcome is enough to supervise the model.,"Contact mode support, embodiment limits, and deployment perturbations.","Branch collapse, hidden-mode shift, and tail-risk planning failures.",Generic world models and generic uncertainty are crowded.,Control authority boundaries keeps action-critical alternatives explicit until a physical observation collapses them.
45,doi:10.1017/s0263574714000356,Kinematic modeling and control for human-robot cooperation considering different interaction roles,2014,Robotica,https://doi.org/10.1017/s0263574714000356,Addresses shared autonomy and robot control or a neighboring robotics mechanism.,"Prior work usually predicts, ranks, filters, or imitates observed behavior rather than preserving unrealized branches.",The observed outcome is enough to supervise the model.,"Contact mode support, embodiment limits, and deployment perturbations.","Branch collapse, hidden-mode shift, and tail-risk planning failures.",Generic world models and generic uncertainty are crowded.,Control authority boundaries keeps action-critical alternatives explicit until a physical observation collapses them.
46,doi:10.1017/s0263574722000698,Trajectory planning and control of multiple mobile robot using hybrid MKH-fuzzy logic controller,2022,Robotica,https://doi.org/10.1017/s0263574722000698,Addresses shared autonomy and robot control or a neighboring robotics mechanism.,"Prior work usually predicts, ranks, filters, or imitates observed behavior rather than preserving unrealized branches.",The observed outcome is enough to supervise the model.,"Contact mode support, embodiment limits, and deployment perturbations.","Branch collapse, hidden-mode shift, and tail-risk planning failures.",Generic world models and generic uncertainty are crowded.,Control authority boundaries keeps action-critical alternatives explicit until a physical observation collapses them.
47,doi:10.3389/frobt.2024.1323980,Meaningful human control and variable autonomy in human-robot teams for firefighting,2024,Frontiers in Robotics and AI,https://doi.org/10.3389/frobt.2024.1323980,Addresses shared autonomy and robot control or a neighboring robotics mechanism.,"Prior work usually predicts, ranks, filters, or imitates observed behavior rather than preserving unrealized branches.",The observed outcome is enough to supervise the model.,"Contact mode support, embodiment limits, and deployment perturbations.","Branch collapse, hidden-mode shift, and tail-risk planning failures.",Generic world models and generic uncertainty are crowded.,Control authority boundaries keeps action-critical alternatives explicit until a physical observation collapses them.
48,doi:10.1109/lra.2021.3100603,Autonomy in Physical Human-Robot Interaction: A Brief Survey,2021,IEEE Robotics and Automation Letters,https://doi.org/10.1109/lra.2021.3100603,Addresses shared autonomy and robot control or a neighboring robotics mechanism.,"Prior work usually predicts, ranks, filters, or imitates observed behavior rather than preserving unrealized branches.",The observed outcome is enough to supervise the model.,"Contact mode support, embodiment limits, and deployment perturbations.","Branch collapse, hidden-mode shift, and tail-risk planning failures.",Generic world models and generic uncertainty are crowded.,Control authority boundaries keeps action-critical alternatives explicit until a physical observation collapses them.
49,doi:10.1109/icra48891.2023.10161228,WE-Filter: Adaptive Acceptance Criteria for Filter-based Shared Autonomy,2023,,https://doi.org/10.1109/icra48891.2023.10161228,Addresses shared autonomy and robot control or a neighboring robotics mechanism.,"Prior work usually predicts, ranks, filters, or imitates observed behavior rather than preserving unrealized branches.",The observed outcome is enough to supervise the model.,"Contact mode support, embodiment limits, and deployment perturbations.","Branch collapse, hidden-mode shift, and tail-risk planning failures.",Generic world models and generic uncertainty are crowded.,Control authority boundaries keeps action-critical alternatives explicit until a physical observation collapses them.
50,doi:10.1109/tcyb.2021.3107357,Adaptive-Constrained Impedance Control for Human–Robot Co-Transportation,2021,IEEE Transactions on Cybernetics,https://doi.org/10.1109/tcyb.2021.3107357,Addresses shared autonomy and robot control or a neighboring robotics mechanism.,"Prior work usually predicts, ranks, filters, or imitates observed behavior rather than preserving unrealized branches.",The observed outcome is enough to supervise the model.,"Contact mode support, embodiment limits, and deployment perturbations.","Branch collapse, hidden-mode shift, and tail-risk planning failures.",Generic world models and generic uncertainty are crowded.,Control authority boundaries keeps action-critical alternatives explicit until a physical observation collapses them.
51,doi:10.1007/978-3-319-74666-1_12,Collaborative Autonomy Between High-Level Behaviors and Human Operators for Control of Complex Tasks with Different Humanoid Robots,2018,Springer Tracts in Advanced Robotics The DARPA Robotics Challenge Finals: Humanoid Robots To The Rescue,https://doi.org/10.1007/978-3-319-74666-1_12,Addresses shared autonomy and robot control or a neighboring robotics mechanism.,"Prior work usually predicts, ranks, filters, or imitates observed behavior rather than preserving unrealized branches.",The observed outcome is enough to supervise the model.,"Contact mode support, embodiment limits, and deployment perturbations.","Branch collapse, hidden-mode shift, and tail-risk planning failures.",Generic world models and generic uncertainty are crowded.,Control authority boundaries keeps action-critical alternatives explicit until a physical observation collapses them.
52,doi:10.1080/01691864.2020.1730238,Preliminary study of a separative shared control scheme focusing on control-authority and attention allocation for multi-limb disaster response robots,2020,Advanced Robotics,https://doi.org/10.1080/01691864.2020.1730238,Addresses shared autonomy and robot control or a neighboring robotics mechanism.,"Prior work usually predicts, ranks, filters, or imitates observed behavior rather than preserving unrealized branches.",The observed outcome is enough to supervise the model.,"Contact mode support, embodiment limits, and deployment perturbations.","Branch collapse, hidden-mode shift, and tail-risk planning failures.",Generic world models and generic uncertainty are crowded.,Control authority boundaries keeps action-critical alternatives explicit until a physical observation collapses them.
53,doi:10.18196/jrc.v5i1.20519,Adaptive Cruise Control of the Autonomous Vehicle Based on Sliding Mode Controller Using Arduino and Ultrasonic Sensor,2024,Journal of Robotics and Control (JRC),https://doi.org/10.18196/jrc.v5i1.20519,Addresses shared autonomy and robot control or a neighboring robotics mechanism.,"Prior work usually predicts, ranks, filters, or imitates observed behavior rather than preserving unrealized branches.",The observed outcome is enough to supervise the model.,"Contact mode support, embodiment limits, and deployment perturbations.","Branch collapse, hidden-mode shift, and tail-risk planning failures.",Generic world models and generic uncertainty are crowded.,Control authority boundaries keeps action-critical alternatives explicit until a physical observation collapses them.
54,doi:10.2166/hydro.2025.300,Stochastic model predictive control of an irrigation canal with integrated performance-driven path planning of a measurement robot,2025,Journal of Hydroinformatics,https://doi.org/10.2166/hydro.2025.300,Addresses shared autonomy and robot control or a neighboring robotics mechanism.,"Prior work usually predicts, ranks, filters, or imitates observed behavior rather than preserving unrealized branches.",The observed outcome is enough to supervise the model.,"Contact mode support, embodiment limits, and deployment perturbations.","Branch collapse, hidden-mode shift, and tail-risk planning failures.",Generic world models and generic uncertainty are crowded.,Control authority boundaries keeps action-critical alternatives explicit until a physical observation collapses them.
55,doi:10.1109/toh.2020.2969662,Caring About the Human Operator: Haptic Shared Control for Enhanced User Comfort in Robotic Telemanipulation,2020,IEEE Transactions on Haptics,https://doi.org/10.1109/toh.2020.2969662,Addresses shared autonomy and robot control or a neighboring robotics mechanism.,"Prior work usually predicts, ranks, filters, or imitates observed behavior rather than preserving unrealized branches.",The observed outcome is enough to supervise the model.,"Contact mode support, embodiment limits, and deployment perturbations.","Branch collapse, hidden-mode shift, and tail-risk planning failures.",Generic world models and generic uncertainty are crowded.,Control authority boundaries keeps action-critical alternatives explicit until a physical observation collapses them.
56,doi:10.3390/robotics11030061,Teleoperation Control of an Underactuated Bionic Hand: Comparison between Wearable and Vision-Tracking-Based Methods,2022,Robotics,https://doi.org/10.3390/robotics11030061,Addresses shared autonomy and robot control or a neighboring robotics mechanism.,"Prior work usually predicts, ranks, filters, or imitates observed behavior rather than preserving unrealized branches.",The observed outcome is enough to supervise the model.,"Contact mode support, embodiment limits, and deployment perturbations.","Branch collapse, hidden-mode shift, and tail-risk planning failures.",Generic world models and generic uncertainty are crowded.,Control authority boundaries keeps action-critical alternatives explicit until a physical observation collapses them.
57,doi:10.3389/fnhum.2025.1718713,Levels of shared autonomy in brain-robot interfaces: enabling multi-robot multi-human collaboration for activities of daily living,2026,Frontiers in Human Neuroscience,https://doi.org/10.3389/fnhum.2025.1718713,Addresses shared autonomy and robot control or a neighboring robotics mechanism.,"Prior work usually predicts, ranks, filters, or imitates observed behavior rather than preserving unrealized branches.",The observed outcome is enough to supervise the model.,"Contact mode support, embodiment limits, and deployment perturbations.","Branch collapse, hidden-mode shift, and tail-risk planning failures.",Generic world models and generic uncertainty are crowded.,Control authority boundaries keeps action-critical alternatives explicit until a physical observation collapses them.
58,doi:10.23919/acc60939.2024.10644297,Safe Optimal Interactions Between Automated and Human-Driven Vehicles in Mixed Traffic with Event-Triggered Control Barrier Functions,2024,2024 American Control Conference (ACC),https://doi.org/10.23919/acc60939.2024.10644297,Addresses shared autonomy and robot control or a neighboring robotics mechanism.,"Prior work usually predicts, ranks, filters, or imitates observed behavior rather than preserving unrealized branches.",The observed outcome is enough to supervise the model.,"Contact mode support, embodiment limits, and deployment perturbations.","Branch collapse, hidden-mode shift, and tail-risk planning failures.",Generic world models and generic uncertainty are crowded.,Control authority boundaries keeps action-critical alternatives explicit until a physical observation collapses them.
59,doi:10.1109/icra57147.2024.10610956,A probabilistic approach for learning and adapting shared control skills with the human in the loop,2024,2024 IEEE International Conference on Robotics and Automation (ICRA),https://doi.org/10.1109/icra57147.2024.10610956,Addresses shared autonomy and robot control or a neighboring robotics mechanism.,"Prior work usually predicts, ranks, filters, or imitates observed behavior rather than preserving unrealized branches.",The observed outcome is enough to supervise the model.,"Contact mode support, embodiment limits, and deployment perturbations.","Branch collapse, hidden-mode shift, and tail-risk planning failures.",Generic world models and generic uncertainty are crowded.,Control authority boundaries keeps action-critical alternatives explicit until a physical observation collapses them.
60,doi:10.1115/dscc2018-9194,The Effects of Switching Time on Shared Human-Robot Control,2018,"Volume 1: Advances in Control Design Methods; Advances in Nonlinear Control; Advances in Robotics; Assistive and Rehabilitation Robotics; Automotive Dynamics and Emerging Powertrain Technologies; Automotive Systems; Bio Engineering Applications; Bio-Mechatronics and Physical Human Robot Interaction; Biomedical and Neural Systems; Biomedical and Neural Systems Modeling, Diagnostics, and Healthcare",https://doi.org/10.1115/dscc2018-9194,Addresses shared autonomy and robot control or a neighboring robotics mechanism.,"Prior work usually predicts, ranks, filters, or imitates observed behavior rather than preserving unrealized branches.",The observed outcome is enough to supervise the model.,"Contact mode support, embodiment limits, and deployment perturbations.","Branch collapse, hidden-mode shift, and tail-risk planning failures.",Generic world models and generic uncertainty are crowded.,Control authority boundaries keeps action-critical alternatives explicit until a physical observation collapses them.
61,doi:10.1109/iros.2011.6094601,Human-in-the-loop: MPC for shared control of a quadruped rescue robot,2011,2011 IEEE/RSJ International Conference on Intelligent Robots and Systems,https://doi.org/10.1109/iros.2011.6094601,Addresses shared autonomy and robot control or a neighboring robotics mechanism.,"Prior work usually predicts, ranks, filters, or imitates observed behavior rather than preserving unrealized branches.",The observed outcome is enough to supervise the model.,"Contact mode support, embodiment limits, and deployment perturbations.","Branch collapse, hidden-mode shift, and tail-risk planning failures.",Generic world models and generic uncertainty are crowded.,Control authority boundaries keeps action-critical alternatives explicit until a physical observation collapses them.
62,doi:10.3390/s111009839,A Multi-Sensorial Hybrid Control for Robotic Manipulation in Human-Robot Workspaces,2011,Sensors,https://doi.org/10.3390/s111009839,Addresses shared autonomy and robot control or a neighboring robotics mechanism.,"Prior work usually predicts, ranks, filters, or imitates observed behavior rather than preserving unrealized branches.",The observed outcome is enough to supervise the model.,"Contact mode support, embodiment limits, and deployment perturbations.","Branch collapse, hidden-mode shift, and tail-risk planning failures.",Generic world models and generic uncertainty are crowded.,Control authority boundaries keeps action-critical alternatives explicit until a physical observation collapses them.
63,arxiv:2512.00797v1,Transforming Monolithic Foundation Models into Embodied Multi-Agent Architectures for Human-Robot Collaboration,2025,arXiv,http://arxiv.org/abs/2512.00797v1,Addresses shared autonomy and robot control or a neighboring robotics mechanism.,"Prior work usually predicts, ranks, filters, or imitates observed behavior rather than preserving unrealized branches.",The observed outcome is enough to supervise the model.,"Contact mode support, embodiment limits, and deployment perturbations.","Branch collapse, hidden-mode shift, and tail-risk planning failures.",Generic world models and generic uncertainty are crowded.,Control authority boundaries keeps action-critical alternatives explicit until a physical observation collapses them.
64,doi:10.1177/0278364920921935,Data-driven Koopman operators for model-based shared control of human–machine systems,2020,The International Journal of Robotics Research,https://doi.org/10.1177/0278364920921935,Addresses shared autonomy and robot control or a neighboring robotics mechanism.,"Prior work usually predicts, ranks, filters, or imitates observed behavior rather than preserving unrealized branches.",The observed outcome is enough to supervise the model.,"Contact mode support, embodiment limits, and deployment perturbations.","Branch collapse, hidden-mode shift, and tail-risk planning failures.",Generic world models and generic uncertainty are crowded.,Control authority boundaries keeps action-critical alternatives explicit until a physical observation collapses them.
65,doi:10.1109/smc54092.2024.10831687,Teleoperated Omni-directional Dual Arm Mobile Manipulation Robotic System with Shared Control for Retail Store,2026,arXiv,http://arxiv.org/abs/2602.23923v1,Addresses shared autonomy and robot control or a neighboring robotics mechanism.,"Prior work usually predicts, ranks, filters, or imitates observed behavior rather than preserving unrealized branches.",The observed outcome is enough to supervise the model.,"Contact mode support, embodiment limits, and deployment perturbations.","Branch collapse, hidden-mode shift, and tail-risk planning failures.",Generic world models and generic uncertainty are crowded.,Control authority boundaries keeps action-critical alternatives explicit until a physical observation collapses them.
66,doi:10.1177/02783649241285051,Model-predictive optimal control of ferrofluidic microrobots in three-dimensional space,2025,The International Journal of Robotics Research,https://doi.org/10.1177/02783649241285051,Addresses shared autonomy and robot control or a neighboring robotics mechanism.,"Prior work usually predicts, ranks, filters, or imitates observed behavior rather than preserving unrealized branches.",The observed outcome is enough to supervise the model.,"Contact mode support, embodiment limits, and deployment perturbations.","Branch collapse, hidden-mode shift, and tail-risk planning failures.",Generic world models and generic uncertainty are crowded.,Control authority boundaries keeps action-critical alternatives explicit until a physical observation collapses them.
67,doi:10.1177/0278364920933654,Task-based hybrid shared control for training through forceful interaction,2020,The International Journal of Robotics Research,https://doi.org/10.1177/0278364920933654,Addresses shared autonomy and robot control or a neighboring robotics mechanism.,"Prior work usually predicts, ranks, filters, or imitates observed behavior rather than preserving unrealized branches.",The observed outcome is enough to supervise the model.,"Contact mode support, embodiment limits, and deployment perturbations.","Branch collapse, hidden-mode shift, and tail-risk planning failures.",Generic world models and generic uncertainty are crowded.,Control authority boundaries keeps action-critical alternatives explicit until a physical observation collapses them.
68,doi:10.3390/s21248229,A Human-Following Motion Planning and Control Scheme for Collaborative Robots Based on Human Motion Prediction,2021,Sensors,https://doi.org/10.3390/s21248229,Addresses shared autonomy and robot control or a neighboring robotics mechanism.,"Prior work usually predicts, ranks, filters, or imitates observed behavior rather than preserving unrealized branches.",The observed outcome is enough to supervise the model.,"Contact mode support, embodiment limits, and deployment perturbations.","Branch collapse, hidden-mode shift, and tail-risk planning failures.",Generic world models and generic uncertainty are crowded.,Control authority boundaries keeps action-critical alternatives explicit until a physical observation collapses them.
69,doi:10.3390/electronics11152407,Planning Collision-Free Robot Motions in a Human–Robot Shared Workspace via Mixed Reality and Sensor-Fusion Skeleton Tracking,2022,Electronics,https://doi.org/10.3390/electronics11152407,Addresses shared autonomy and robot control or a neighboring robotics mechanism.,"Prior work usually predicts, ranks, filters, or imitates observed behavior rather than preserving unrealized branches.",The observed outcome is enough to supervise the model.,"Contact mode support, embodiment limits, and deployment perturbations.","Branch collapse, hidden-mode shift, and tail-risk planning failures.",Generic world models and generic uncertainty are crowded.,Control authority boundaries keeps action-critical alternatives explicit until a physical observation collapses them.
70,doi:10.1109/iros.2018.8593766,Recursive Bayesian Human Intent Recognition in Shared-Control Robotics,2018,,https://doi.org/10.1109/iros.2018.8593766,Addresses shared autonomy and robot control or a neighboring robotics mechanism.,"Prior work usually predicts, ranks, filters, or imitates observed behavior rather than preserving unrealized branches.",The observed outcome is enough to supervise the model.,"Contact mode support, embodiment limits, and deployment perturbations.","Branch collapse, hidden-mode shift, and tail-risk planning failures.",Generic world models and generic uncertainty are crowded.,Control authority boundaries keeps action-critical alternatives explicit until a physical observation collapses them.
71,doi:10.1007/s00146-021-01210-3,Should my robot know what's best for me? Human–robot interaction between user experience and ethical design,2021,AI & Society,https://doi.org/10.1007/s00146-021-01210-3,Addresses shared autonomy and robot control or a neighboring robotics mechanism.,"Prior work usually predicts, ranks, filters, or imitates observed behavior rather than preserving unrealized branches.",The observed outcome is enough to supervise the model.,"Contact mode support, embodiment limits, and deployment perturbations.","Branch collapse, hidden-mode shift, and tail-risk planning failures.",Generic world models and generic uncertainty are crowded.,Control authority boundaries keeps action-critical alternatives explicit until a physical observation collapses them.
72,doi:10.1109/coase.2016.7743497,A regret-based autonomy allocation scheme for human-robot shared vision systems in collaborative assembly in manufacturing,2016,,https://doi.org/10.1109/coase.2016.7743497,Addresses shared autonomy and robot control or a neighboring robotics mechanism.,"Prior work usually predicts, ranks, filters, or imitates observed behavior rather than preserving unrealized branches.",The observed outcome is enough to supervise the model.,"Contact mode support, embodiment limits, and deployment perturbations.","Branch collapse, hidden-mode shift, and tail-risk planning failures.",Generic world models and generic uncertainty are crowded.,Control authority boundaries keeps action-critical alternatives explicit until a physical observation collapses them.
73,doi:10.31763/ijrcs.v5i6.2102,Integration of Hybrid Active Disturbance Rejection with Sliding Mode Control for Robust Mechanical Ventilation,2025,International Journal of Robotics and Control Systems,https://doi.org/10.31763/ijrcs.v5i6.2102,Addresses shared autonomy and robot control or a neighboring robotics mechanism.,"Prior work usually predicts, ranks, filters, or imitates observed behavior rather than preserving unrealized branches.",The observed outcome is enough to supervise the model.,"Contact mode support, embodiment limits, and deployment perturbations.","Branch collapse, hidden-mode shift, and tail-risk planning failures.",Generic world models and generic uncertainty are crowded.,Control authority boundaries keeps action-critical alternatives explicit until a physical observation collapses them.
74,doi:10.3390/robotics14120180,Sim2Real Transfer of Imitation Learning of Motion Control for Car-like Mobile Robots Using Digital Twin Testbed,2025,Robotics,https://doi.org/10.3390/robotics14120180,Addresses shared autonomy and robot control or a neighboring robotics mechanism.,"Prior work usually predicts, ranks, filters, or imitates observed behavior rather than preserving unrealized branches.",The observed outcome is enough to supervise the model.,"Contact mode support, embodiment limits, and deployment perturbations.","Branch collapse, hidden-mode shift, and tail-risk planning failures.",Generic world models and generic uncertainty are crowded.,Control authority boundaries keeps action-critical alternatives explicit until a physical observation collapses them.
75,doi:10.1109/tmech.2014.2309118,Frequency-Shaped Impedance Control for Safe Human–Robot Interaction in Reference Tracking Application,2014,IEEE/ASME Transactions on Mechatronics,https://doi.org/10.1109/tmech.2014.2309118,Addresses shared autonomy and robot control or a neighboring robotics mechanism.,"Prior work usually predicts, ranks, filters, or imitates observed behavior rather than preserving unrealized branches.",The observed outcome is enough to supervise the model.,"Contact mode support, embodiment limits, and deployment perturbations.","Branch collapse, hidden-mode shift, and tail-risk planning failures.",Generic world models and generic uncertainty are crowded.,Control authority boundaries keeps action-critical alternatives explicit until a physical observation collapses them.
76,doi:10.1109/irds.2002.1043932,Characterizing efficiency of human robot interaction: a case study of shared-control teleoperation,2003,,https://doi.org/10.1109/irds.2002.1043932,Addresses shared autonomy and robot control or a neighboring robotics mechanism.,"Prior work usually predicts, ranks, filters, or imitates observed behavior rather than preserving unrealized branches.",The observed outcome is enough to supervise the model.,"Contact mode support, embodiment limits, and deployment perturbations.","Branch collapse, hidden-mode shift, and tail-risk planning failures.",Generic world models and generic uncertainty are crowded.,Control authority boundaries keeps action-critical alternatives explicit until a physical observation collapses them.
77,doi:10.1109/tnsre.2014.2302212,Embedded Human Control of Robots Using Myoelectric Interfaces,2014,IEEE Transactions on Neural Systems and Rehabilitation Engineering,https://doi.org/10.1109/tnsre.2014.2302212,Addresses shared autonomy and robot control or a neighboring robotics mechanism.,"Prior work usually predicts, ranks, filters, or imitates observed behavior rather than preserving unrealized branches.",The observed outcome is enough to supervise the model.,"Contact mode support, embodiment limits, and deployment perturbations.","Branch collapse, hidden-mode shift, and tail-risk planning failures.",Generic world models and generic uncertainty are crowded.,Control authority boundaries keeps action-critical alternatives explicit until a physical observation collapses them.
78,doi:10.1007/s43154-020-00024-3,Autonomous Weapons Systems and Meaningful Human Control: Ethical and Legal Issues,2020,Current Robotics Reports,https://doi.org/10.1007/s43154-020-00024-3,Addresses shared autonomy and robot control or a neighboring robotics mechanism.,"Prior work usually predicts, ranks, filters, or imitates observed behavior rather than preserving unrealized branches.",The observed outcome is enough to supervise the model.,"Contact mode support, embodiment limits, and deployment perturbations.","Branch collapse, hidden-mode shift, and tail-risk planning failures.",Generic world models and generic uncertainty are crowded.,Control authority boundaries keeps action-critical alternatives explicit until a physical observation collapses them.
79,doi:10.1142/s2301385024500286,Hierarchical MPC-based Motion Planning for Automated Vehicles in Parallel Autonomy,2024,Unmanned Systems,https://doi.org/10.1142/s2301385024500286,Addresses shared autonomy and robot control or a neighboring robotics mechanism.,"Prior work usually predicts, ranks, filters, or imitates observed behavior rather than preserving unrealized branches.",The observed outcome is enough to supervise the model.,"Contact mode support, embodiment limits, and deployment perturbations.","Branch collapse, hidden-mode shift, and tail-risk planning failures.",Generic world models and generic uncertainty are crowded.,Control authority boundaries keeps action-critical alternatives explicit until a physical observation collapses them.
80,doi:10.1007/s00422-018-0750-5,Bipedal robotic walking control derived from analysis of human locomotion,2018,Biological Cybernetics,https://doi.org/10.1007/s00422-018-0750-5,Addresses shared autonomy and robot control or a neighboring robotics mechanism.,"Prior work usually predicts, ranks, filters, or imitates observed behavior rather than preserving unrealized branches.",The observed outcome is enough to supervise the model.,"Contact mode support, embodiment limits, and deployment perturbations.","Branch collapse, hidden-mode shift, and tail-risk planning failures.",Generic world models and generic uncertainty are crowded.,Control authority boundaries keeps action-critical alternatives explicit until a physical observation collapses them.
81,doi:10.1109/cac59555.2023.10451701,Double-loop Human-Robot Shared Control for Trajectory Tracking of an Underwater Robot,2023,2023 China Automation Congress (CAC),https://doi.org/10.1109/cac59555.2023.10451701,Addresses shared autonomy and robot control or a neighboring robotics mechanism.,"Prior work usually predicts, ranks, filters, or imitates observed behavior rather than preserving unrealized branches.",The observed outcome is enough to supervise the model.,"Contact mode support, embodiment limits, and deployment perturbations.","Branch collapse, hidden-mode shift, and tail-risk planning failures.",Generic world models and generic uncertainty are crowded.,Control authority boundaries keeps action-critical alternatives explicit until a physical observation collapses them.
82,doi:10.52783/jisem.v10i50s.10219,Self-Supervised Learning for Generalizable AI: Bridging the Gap Between Pretraining and Real-World Deployment,2025,Journal of Information Systems Engineering and Management,https://doi.org/10.52783/jisem.v10i50s.10219,Addresses shared autonomy and robot control or a neighboring robotics mechanism.,"Prior work usually predicts, ranks, filters, or imitates observed behavior rather than preserving unrealized branches.",The observed outcome is enough to supervise the model.,"Contact mode support, embodiment limits, and deployment perturbations.","Branch collapse, hidden-mode shift, and tail-risk planning failures.",Generic world models and generic uncertainty are crowded.,Control authority boundaries keeps action-critical alternatives explicit until a physical observation collapses them.
83,doi:10.3389/frobt.2021.734548,Coordinating Shared Tasks in Human-Robot Collaboration by Commands,2021,Frontiers in Robotics and AI,https://doi.org/10.3389/frobt.2021.734548,Addresses shared autonomy and robot control or a neighboring robotics mechanism.,"Prior work usually predicts, ranks, filters, or imitates observed behavior rather than preserving unrealized branches.",The observed outcome is enough to supervise the model.,"Contact mode support, embodiment limits, and deployment perturbations.","Branch collapse, hidden-mode shift, and tail-risk planning failures.",Generic world models and generic uncertainty are crowded.,Control authority boundaries keeps action-critical alternatives explicit until a physical observation collapses them.
84,doi:10.1109/tsmc.2022.3216206,Analog Twin Framework for Human and AI Supervisory Control and Teleoperation of Robots,2022,IEEE Transactions on Systems Man and Cybernetics Systems,https://doi.org/10.1109/tsmc.2022.3216206,Addresses shared autonomy and robot control or a neighboring robotics mechanism.,"Prior work usually predicts, ranks, filters, or imitates observed behavior rather than preserving unrealized branches.",The observed outcome is enough to supervise the model.,"Contact mode support, embodiment limits, and deployment perturbations.","Branch collapse, hidden-mode shift, and tail-risk planning failures.",Generic world models and generic uncertainty are crowded.,Control authority boundaries keeps action-critical alternatives explicit until a physical observation collapses them.
85,doi:10.1109/acc.2014.6859352,Blending of human and obstacle avoidance control for a high speed mobile robot,2014,,https://doi.org/10.1109/acc.2014.6859352,Addresses shared autonomy and robot control or a neighboring robotics mechanism.,"Prior work usually predicts, ranks, filters, or imitates observed behavior rather than preserving unrealized branches.",The observed outcome is enough to supervise the model.,"Contact mode support, embodiment limits, and deployment perturbations.","Branch collapse, hidden-mode shift, and tail-risk planning failures.",Generic world models and generic uncertainty are crowded.,Control authority boundaries keeps action-critical alternatives explicit until a physical observation collapses them.
86,doi:10.3389/frobt.2022.733954,Perception is Only Real When Shared: A Mathematical Model for Collaborative Shared Perception in Human-Robot Interaction,2022,Frontiers in Robotics and AI,https://doi.org/10.3389/frobt.2022.733954,Addresses shared autonomy and robot control or a neighboring robotics mechanism.,"Prior work usually predicts, ranks, filters, or imitates observed behavior rather than preserving unrealized branches.",The observed outcome is enough to supervise the model.,"Contact mode support, embodiment limits, and deployment perturbations.","Branch collapse, hidden-mode shift, and tail-risk planning failures.",Generic world models and generic uncertainty are crowded.,Control authority boundaries keeps action-critical alternatives explicit until a physical observation collapses them.
87,doi:10.1109/iecon58223.2025.11221286,Stable Haptic Shared Autonomy for Wall Landing of Two-Wheeled Drones via Control Barrier Functions,2025,IECON 2025 – 51st Annual Conference of the IEEE Industrial Electronics Society,https://doi.org/10.1109/iecon58223.2025.11221286,Addresses shared autonomy and robot control or a neighboring robotics mechanism.,"Prior work usually predicts, ranks, filters, or imitates observed behavior rather than preserving unrealized branches.",The observed outcome is enough to supervise the model.,"Contact mode support, embodiment limits, and deployment perturbations.","Branch collapse, hidden-mode shift, and tail-risk planning failures.",Generic world models and generic uncertainty are crowded.,Control authority boundaries keeps action-critical alternatives explicit until a physical observation collapses them.
88,doi:10.1016/j.ifacol.2025.12.489,Human–Centered Cooperative Control Coupling Autonomous and Haptic Shared Control via Control Barrier Function,2025,IFAC-PapersOnLine,https://doi.org/10.1016/j.ifacol.2025.12.489,Addresses shared autonomy and robot control or a neighboring robotics mechanism.,"Prior work usually predicts, ranks, filters, or imitates observed behavior rather than preserving unrealized branches.",The observed outcome is enough to supervise the model.,"Contact mode support, embodiment limits, and deployment perturbations.","Branch collapse, hidden-mode shift, and tail-risk planning failures.",Generic world models and generic uncertainty are crowded.,Control authority boundaries keeps action-critical alternatives explicit until a physical observation collapses them.
89,arxiv:2503.15491v1,Agreeing to Interact in Human-Robot Interaction using Large Language Models and Vision Language Models,2025,arXiv,http://arxiv.org/abs/2503.15491v1,Addresses shared autonomy and robot control or a neighboring robotics mechanism.,"Prior work usually predicts, ranks, filters, or imitates observed behavior rather than preserving unrealized branches.",The observed outcome is enough to supervise the model.,"Contact mode support, embodiment limits, and deployment perturbations.","Branch collapse, hidden-mode shift, and tail-risk planning failures.",Generic world models and generic uncertainty are crowded.,Control authority boundaries keeps action-critical alternatives explicit until a physical observation collapses them.
90,doi:10.1126/scirobotics.aat1186,Teaching robots social autonomy from in situ human guidance,2019,Science Robotics,https://doi.org/10.1126/scirobotics.aat1186,Addresses shared autonomy and robot control or a neighboring robotics mechanism.,"Prior work usually predicts, ranks, filters, or imitates observed behavior rather than preserving unrealized branches.",The observed outcome is enough to supervise the model.,"Contact mode support, embodiment limits, and deployment perturbations.","Branch collapse, hidden-mode shift, and tail-risk planning failures.",Generic world models and generic uncertainty are crowded.,Control authority boundaries keeps action-critical alternatives explicit until a physical observation collapses them.
91,doi:10.1109/tnsre.2019.2958076,A Bayesian Shared Control Approach for Wheelchair Robot With Brain Machine Interface,2020,IEEE Transactions on Neural Systems and Rehabilitation Engineering,https://doi.org/10.1109/tnsre.2019.2958076,Addresses shared autonomy and robot control or a neighboring robotics mechanism.,"Prior work usually predicts, ranks, filters, or imitates observed behavior rather than preserving unrealized branches.",The observed outcome is enough to supervise the model.,"Contact mode support, embodiment limits, and deployment perturbations.","Branch collapse, hidden-mode shift, and tail-risk planning failures.",Generic world models and generic uncertainty are crowded.,Control authority boundaries keeps action-critical alternatives explicit until a physical observation collapses them.
92,doi:10.1146/annurev-control-062420-090543,Autonomy in Surgical Robotics,2021,"Annual Review of Control, Robotics, and Autonomous Systems",https://doi.org/10.1146/annurev-control-062420-090543,Addresses shared autonomy and robot control or a neighboring robotics mechanism.,"Prior work usually predicts, ranks, filters, or imitates observed behavior rather than preserving unrealized branches.",The observed outcome is enough to supervise the model.,"Contact mode support, embodiment limits, and deployment perturbations.","Branch collapse, hidden-mode shift, and tail-risk planning failures.",Generic world models and generic uncertainty are crowded.,Control authority boundaries keeps action-critical alternatives explicit until a physical observation collapses them.
93,doi:10.1126/scirobotics.adi8852,"Estimating human joint moments unifies exoskeleton control, reducing user effort",2024,Science Robotics,https://doi.org/10.1126/scirobotics.adi8852,Addresses shared autonomy and robot control or a neighboring robotics mechanism.,"Prior work usually predicts, ranks, filters, or imitates observed behavior rather than preserving unrealized branches.",The observed outcome is enough to supervise the model.,"Contact mode support, embodiment limits, and deployment perturbations.","Branch collapse, hidden-mode shift, and tail-risk planning failures.",Generic world models and generic uncertainty are crowded.,Control authority boundaries keeps action-critical alternatives explicit until a physical observation collapses them.
94,doi:10.1109/telepresence63209.2024.10841639,Augmenting Robot Teleoperation with Shared Autonomy via Model Predictive Control,2024,2024 IEEE Conference on Telepresence,https://doi.org/10.1109/telepresence63209.2024.10841639,Addresses shared autonomy and robot control or a neighboring robotics mechanism.,"Prior work usually predicts, ranks, filters, or imitates observed behavior rather than preserving unrealized branches.",The observed outcome is enough to supervise the model.,"Contact mode support, embodiment limits, and deployment perturbations.","Branch collapse, hidden-mode shift, and tail-risk planning failures.",Generic world models and generic uncertainty are crowded.,Control authority boundaries keeps action-critical alternatives explicit until a physical observation collapses them.
95,doi:10.1177/02783649231179753,Integrated planning and control of robotic surgical instruments for task autonomy,2023,The International Journal of Robotics Research,https://doi.org/10.1177/02783649231179753,Addresses shared autonomy and robot control or a neighboring robotics mechanism.,"Prior work usually predicts, ranks, filters, or imitates observed behavior rather than preserving unrealized branches.",The observed outcome is enough to supervise the model.,"Contact mode support, embodiment limits, and deployment perturbations.","Branch collapse, hidden-mode shift, and tail-risk planning failures.",Generic world models and generic uncertainty are crowded.,Control authority boundaries keeps action-critical alternatives explicit until a physical observation collapses them.
96,doi:10.1109/icra46639.2022.9811853,Adaptive Impedance Controller for Human-Robot Arbitration based on Cooperative Differential Game Theory,2022,2022 International Conference on Robotics and Automation (ICRA),https://doi.org/10.1109/icra46639.2022.9811853,Addresses shared autonomy and robot control or a neighboring robotics mechanism.,"Prior work usually predicts, ranks, filters, or imitates observed behavior rather than preserving unrealized branches.",The observed outcome is enough to supervise the model.,"Contact mode support, embodiment limits, and deployment perturbations.","Branch collapse, hidden-mode shift, and tail-risk planning failures.",Generic world models and generic uncertainty are crowded.,Control authority boundaries keeps action-critical alternatives explicit until a physical observation collapses them.
97,doi:10.1007/s12555-022-0728-x,Research on Human-robot Shared Control of Throat Swab Sampling Robot Based on Intention Estimation,2024,"International Journal of Control, Automation and Systems",https://doi.org/10.1007/s12555-022-0728-x,Addresses shared autonomy and robot control or a neighboring robotics mechanism.,"Prior work usually predicts, ranks, filters, or imitates observed behavior rather than preserving unrealized branches.",The observed outcome is enough to supervise the model.,"Contact mode support, embodiment limits, and deployment perturbations.","Branch collapse, hidden-mode shift, and tail-risk planning failures.",Generic world models and generic uncertainty are crowded.,Control authority boundaries keeps action-critical alternatives explicit until a physical observation collapses them.
98,doi:10.18466/cbayarfbe.1738853,Comparative Analysis of PID and Sliding Mode Control for a 3-DoF RRR Robot Arm,2025,Celal Bayar Üniversitesi Fen Bilimleri Dergisi,https://doi.org/10.18466/cbayarfbe.1738853,Addresses shared autonomy and robot control or a neighboring robotics mechanism.,"Prior work usually predicts, ranks, filters, or imitates observed behavior rather than preserving unrealized branches.",The observed outcome is enough to supervise the model.,"Contact mode support, embodiment limits, and deployment perturbations.","Branch collapse, hidden-mode shift, and tail-risk planning failures.",Generic world models and generic uncertainty are crowded.,Control authority boundaries keeps action-critical alternatives explicit until a physical observation collapses them.
99,doi:10.18196/jrc.v3i6.16064,A Comparative Study Between Convolution and Optimal Backstepping Controller for Single Arm Pneumatic Artificial Muscles,2022,Journal of Robotics and Control (JRC),https://doi.org/10.18196/jrc.v3i6.16064,Addresses shared autonomy and robot control or a neighboring robotics mechanism.,"Prior work usually predicts, ranks, filters, or imitates observed behavior rather than preserving unrealized branches.",The observed outcome is enough to supervise the model.,"Contact mode support, embodiment limits, and deployment perturbations.","Branch collapse, hidden-mode shift, and tail-risk planning failures.",Generic world models and generic uncertainty are crowded.,Control authority boundaries keeps action-critical alternatives explicit until a physical observation collapses them.
100,doi:10.1016/j.net.2024.06.005,Nonlinear Model Predictive Control (NMPC) based shared autonomy for bilateral teleoperation in CFETR Remote Handling,2024,Nuclear Engineering and Technology,https://doi.org/10.1016/j.net.2024.06.005,Addresses shared autonomy and robot control or a neighboring robotics mechanism.,"Prior work usually predicts, ranks, filters, or imitates observed behavior rather than preserving unrealized branches.",The observed outcome is enough to supervise the model.,"Contact mode support, embodiment limits, and deployment perturbations.","Branch collapse, hidden-mode shift, and tail-risk planning failures.",Generic world models and generic uncertainty are crowded.,Control authority boundaries keeps action-critical alternatives explicit until a physical observation collapses them.
